ISO-10303-21;
HEADER;
/* Generated by software containing ST-Developer
 * from STEP Tools, Inc. (www.steptools.com) 
 */

FILE_DESCRIPTION(
/* description */ (''),
/* implementation_level */ '2;1');

FILE_NAME(
/* name */ 'helmet.step',
/* time_stamp */ '2026-09-06T07:20:35+05:30',
/* author */ (''),
/* organization */ (''),
/* preprocessor_version */ 'ST-DEVELOPER v20.1',
/* originating_system */ 'Autodesk Translation Framework v15.8.0.0',
/* authorisation */ '');

FILE_SCHEMA (('AUTOMOTIVE_DESIGN { 1 0 10303 214 3 1 1 }'));
ENDSEC;

DATA;
#10=MECHANICAL_DESIGN_GEOMETRIC_PRESENTATION_REPRESENTATION('',(#20,#21,
#22,#23,#24,#25,#26,#27,#28,#29,#30,#31,#32,#33),#3000);
#11=SHAPE_REPRESENTATION_RELATIONSHIP('SRR','None',#3007,#12);
#12=ADVANCED_BREP_SHAPE_REPRESENTATION('',(#34,#35,#36,#37,#38,#39,#40,
#41,#42,#43,#44,#45,#46,#47),#2999);
#13=FACE_BOUND('',#210,.T.);
#14=FACE_BOUND('',#218,.T.);
#15=FACE_BOUND('',#226,.T.);
#16=FACE_BOUND('',#234,.T.);
#17=FACE_BOUND('',#242,.T.);
#18=FACE_BOUND('',#250,.T.);
#19=FACE_BOUND('',#258,.T.);
#20=STYLED_ITEM('',(#3017),#34);
#21=STYLED_ITEM('',(#3017),#35);
#22=STYLED_ITEM('',(#3017),#36);
#23=STYLED_ITEM('',(#3018),#37);
#24=STYLED_ITEM('',(#3017),#38);
#25=STYLED_ITEM('',(#3018),#39);
#26=STYLED_ITEM('',(#3019),#40);
#27=STYLED_ITEM('',(#3017),#41);
#28=STYLED_ITEM('',(#3017),#42);
#29=STYLED_ITEM('',(#3017),#43);
#30=STYLED_ITEM('',(#3017),#44);
#31=STYLED_ITEM('',(#3017),#45);
#32=STYLED_ITEM('',(#3017),#46);
#33=STYLED_ITEM('',(#3017),#47);
#34=MANIFOLD_SOLID_BREP('Body1',#1595);
#35=MANIFOLD_SOLID_BREP('Body2',#1596);
#36=MANIFOLD_SOLID_BREP('Body3',#1597);
#37=MANIFOLD_SOLID_BREP('Body4',#1598);
#38=MANIFOLD_SOLID_BREP('Body5',#1599);
#39=MANIFOLD_SOLID_BREP('Body6',#1600);
#40=MANIFOLD_SOLID_BREP('Body7',#1601);
#41=MANIFOLD_SOLID_BREP('Body8',#1602);
#42=MANIFOLD_SOLID_BREP('Body9',#1603);
#43=MANIFOLD_SOLID_BREP('Body10',#1604);
#44=MANIFOLD_SOLID_BREP('Body11',#1605);
#45=MANIFOLD_SOLID_BREP('Body12',#1606);
#46=MANIFOLD_SOLID_BREP('Body13',#1607);
#47=MANIFOLD_SOLID_BREP('Body14',#1608);
#48=SPHERICAL_SURFACE('',#1636,87.5);
#49=SPHERICAL_SURFACE('',#1638,95.5);
#50=SPHERICAL_SURFACE('',#1654,95.5);
#51=SPHERICAL_SURFACE('',#1656,95.7);
#52=SPHERICAL_SURFACE('',#1672,95.7);
#53=SPHERICAL_SURFACE('',#1674,95.75);
#54=SPHERICAL_SURFACE('',#1690,95.75);
#55=SPHERICAL_SURFACE('',#1692,95.785);
#56=SPHERICAL_SURFACE('',#1708,95.785);
#57=SPHERICAL_SURFACE('',#1710,95.915);
#58=SPHERICAL_SURFACE('',#1726,95.915);
#59=SPHERICAL_SURFACE('',#1728,95.95);
#60=SPHERICAL_SURFACE('',#1744,95.95);
#61=SPHERICAL_SURFACE('',#1746,100.);
#62=SPHERICAL_SURFACE('',#1751,95.5);
#63=SPHERICAL_SURFACE('',#1758,87.5);
#64=SPHERICAL_SURFACE('',#1772,95.7);
#65=SPHERICAL_SURFACE('',#1779,95.5);
#66=SPHERICAL_SURFACE('',#1793,95.75);
#67=SPHERICAL_SURFACE('',#1800,95.7);
#68=SPHERICAL_SURFACE('',#1814,95.785);
#69=SPHERICAL_SURFACE('',#1821,95.75);
#70=SPHERICAL_SURFACE('',#1835,95.915);
#71=SPHERICAL_SURFACE('',#1842,95.785);
#72=SPHERICAL_SURFACE('',#1856,95.95);
#73=SPHERICAL_SURFACE('',#1863,95.915);
#74=SPHERICAL_SURFACE('',#1877,100.);
#75=SPHERICAL_SURFACE('',#1884,95.95);
#76=FACE_OUTER_BOUND('',#167,.T.);
#77=FACE_OUTER_BOUND('',#168,.T.);
#78=FACE_OUTER_BOUND('',#169,.T.);
#79=FACE_OUTER_BOUND('',#170,.T.);
#80=FACE_OUTER_BOUND('',#171,.T.);
#81=FACE_OUTER_BOUND('',#172,.T.);
#82=FACE_OUTER_BOUND('',#173,.T.);
#83=FACE_OUTER_BOUND('',#174,.T.);
#84=FACE_OUTER_BOUND('',#175,.T.);
#85=FACE_OUTER_BOUND('',#176,.T.);
#86=FACE_OUTER_BOUND('',#177,.T.);
#87=FACE_OUTER_BOUND('',#178,.T.);
#88=FACE_OUTER_BOUND('',#179,.T.);
#89=FACE_OUTER_BOUND('',#180,.T.);
#90=FACE_OUTER_BOUND('',#181,.T.);
#91=FACE_OUTER_BOUND('',#182,.T.);
#92=FACE_OUTER_BOUND('',#183,.T.);
#93=FACE_OUTER_BOUND('',#184,.T.);
#94=FACE_OUTER_BOUND('',#185,.T.);
#95=FACE_OUTER_BOUND('',#186,.T.);
#96=FACE_OUTER_BOUND('',#187,.T.);
#97=FACE_OUTER_BOUND('',#188,.T.);
#98=FACE_OUTER_BOUND('',#189,.T.);
#99=FACE_OUTER_BOUND('',#190,.T.);
#100=FACE_OUTER_BOUND('',#191,.T.);
#101=FACE_OUTER_BOUND('',#192,.T.);
#102=FACE_OUTER_BOUND('',#193,.T.);
#103=FACE_OUTER_BOUND('',#194,.T.);
#104=FACE_OUTER_BOUND('',#195,.T.);
#105=FACE_OUTER_BOUND('',#196,.T.);
#106=FACE_OUTER_BOUND('',#197,.T.);
#107=FACE_OUTER_BOUND('',#198,.T.);
#108=FACE_OUTER_BOUND('',#199,.T.);
#109=FACE_OUTER_BOUND('',#200,.T.);
#110=FACE_OUTER_BOUND('',#201,.T.);
#111=FACE_OUTER_BOUND('',#202,.T.);
#112=FACE_OUTER_BOUND('',#203,.T.);
#113=FACE_OUTER_BOUND('',#204,.T.);
#114=FACE_OUTER_BOUND('',#205,.T.);
#115=FACE_OUTER_BOUND('',#206,.T.);
#116=FACE_OUTER_BOUND('',#207,.T.);
#117=FACE_OUTER_BOUND('',#208,.T.);
#118=FACE_OUTER_BOUND('',#209,.T.);
#119=FACE_OUTER_BOUND('',#211,.T.);
#120=FACE_OUTER_BOUND('',#212,.T.);
#121=FACE_OUTER_BOUND('',#213,.T.);
#122=FACE_OUTER_BOUND('',#214,.T.);
#123=FACE_OUTER_BOUND('',#215,.T.);
#124=FACE_OUTER_BOUND('',#216,.T.);
#125=FACE_OUTER_BOUND('',#217,.T.);
#126=FACE_OUTER_BOUND('',#219,.T.);
#127=FACE_OUTER_BOUND('',#220,.T.);
#128=FACE_OUTER_BOUND('',#221,.T.);
#129=FACE_OUTER_BOUND('',#222,.T.);
#130=FACE_OUTER_BOUND('',#223,.T.);
#131=FACE_OUTER_BOUND('',#224,.T.);
#132=FACE_OUTER_BOUND('',#225,.T.);
#133=FACE_OUTER_BOUND('',#227,.T.);
#134=FACE_OUTER_BOUND('',#228,.T.);
#135=FACE_OUTER_BOUND('',#229,.T.);
#136=FACE_OUTER_BOUND('',#230,.T.);
#137=FACE_OUTER_BOUND('',#231,.T.);
#138=FACE_OUTER_BOUND('',#232,.T.);
#139=FACE_OUTER_BOUND('',#233,.T.);
#140=FACE_OUTER_BOUND('',#235,.T.);
#141=FACE_OUTER_BOUND('',#236,.T.);
#142=FACE_OUTER_BOUND('',#237,.T.);
#143=FACE_OUTER_BOUND('',#238,.T.);
#144=FACE_OUTER_BOUND('',#239,.T.);
#145=FACE_OUTER_BOUND('',#240,.T.);
#146=FACE_OUTER_BOUND('',#241,.T.);
#147=FACE_OUTER_BOUND('',#243,.T.);
#148=FACE_OUTER_BOUND('',#244,.T.);
#149=FACE_OUTER_BOUND('',#245,.T.);
#150=FACE_OUTER_BOUND('',#246,.T.);
#151=FACE_OUTER_BOUND('',#247,.T.);
#152=FACE_OUTER_BOUND('',#248,.T.);
#153=FACE_OUTER_BOUND('',#249,.T.);
#154=FACE_OUTER_BOUND('',#251,.T.);
#155=FACE_OUTER_BOUND('',#252,.T.);
#156=FACE_OUTER_BOUND('',#253,.T.);
#157=FACE_OUTER_BOUND('',#254,.T.);
#158=FACE_OUTER_BOUND('',#255,.T.);
#159=FACE_OUTER_BOUND('',#256,.T.);
#160=FACE_OUTER_BOUND('',#257,.T.);
#161=FACE_OUTER_BOUND('',#259,.T.);
#162=FACE_OUTER_BOUND('',#260,.T.);
#163=FACE_OUTER_BOUND('',#261,.T.);
#164=FACE_OUTER_BOUND('',#262,.T.);
#165=FACE_OUTER_BOUND('',#263,.T.);
#166=FACE_OUTER_BOUND('',#264,.T.);
#167=EDGE_LOOP('',(#965,#966,#967,#968));
#168=EDGE_LOOP('',(#969,#970,#971,#972,#973,#974));
#169=EDGE_LOOP('',(#975,#976,#977,#978));
#170=EDGE_LOOP('',(#979,#980,#981,#982));
#171=EDGE_LOOP('',(#983,#984,#985,#986,#987,#988,#989));
#172=EDGE_LOOP('',(#990,#991,#992,#993,#994,#995,#996));
#173=EDGE_LOOP('',(#997,#998,#999,#1000));
#174=EDGE_LOOP('',(#1001,#1002,#1003,#1004,#1005,#1006));
#175=EDGE_LOOP('',(#1007,#1008,#1009,#1010));
#176=EDGE_LOOP('',(#1011,#1012,#1013,#1014));
#177=EDGE_LOOP('',(#1015,#1016,#1017,#1018,#1019,#1020,#1021));
#178=EDGE_LOOP('',(#1022,#1023,#1024,#1025,#1026,#1027,#1028));
#179=EDGE_LOOP('',(#1029,#1030,#1031,#1032));
#180=EDGE_LOOP('',(#1033,#1034,#1035,#1036,#1037,#1038));
#181=EDGE_LOOP('',(#1039,#1040,#1041,#1042));
#182=EDGE_LOOP('',(#1043,#1044,#1045,#1046));
#183=EDGE_LOOP('',(#1047,#1048,#1049,#1050,#1051,#1052,#1053));
#184=EDGE_LOOP('',(#1054,#1055,#1056,#1057,#1058,#1059,#1060));
#185=EDGE_LOOP('',(#1061,#1062,#1063,#1064));
#186=EDGE_LOOP('',(#1065,#1066,#1067,#1068,#1069,#1070));
#187=EDGE_LOOP('',(#1071,#1072,#1073,#1074));
#188=EDGE_LOOP('',(#1075,#1076,#1077,#1078));
#189=EDGE_LOOP('',(#1079,#1080,#1081,#1082,#1083,#1084,#1085));
#190=EDGE_LOOP('',(#1086,#1087,#1088,#1089,#1090,#1091,#1092));
#191=EDGE_LOOP('',(#1093,#1094,#1095,#1096));
#192=EDGE_LOOP('',(#1097,#1098,#1099,#1100,#1101,#1102));
#193=EDGE_LOOP('',(#1103,#1104,#1105,#1106));
#194=EDGE_LOOP('',(#1107,#1108,#1109,#1110));
#195=EDGE_LOOP('',(#1111,#1112,#1113,#1114,#1115,#1116,#1117));
#196=EDGE_LOOP('',(#1118,#1119,#1120,#1121,#1122,#1123,#1124));
#197=EDGE_LOOP('',(#1125,#1126,#1127,#1128));
#198=EDGE_LOOP('',(#1129,#1130,#1131,#1132,#1133,#1134));
#199=EDGE_LOOP('',(#1135,#1136,#1137,#1138));
#200=EDGE_LOOP('',(#1139,#1140,#1141,#1142));
#201=EDGE_LOOP('',(#1143,#1144,#1145,#1146,#1147,#1148,#1149));
#202=EDGE_LOOP('',(#1150,#1151,#1152,#1153,#1154,#1155,#1156));
#203=EDGE_LOOP('',(#1157,#1158,#1159,#1160));
#204=EDGE_LOOP('',(#1161,#1162,#1163,#1164,#1165,#1166));
#205=EDGE_LOOP('',(#1167,#1168,#1169,#1170));
#206=EDGE_LOOP('',(#1171,#1172,#1173,#1174));
#207=EDGE_LOOP('',(#1175,#1176,#1177,#1178,#1179,#1180,#1181));
#208=EDGE_LOOP('',(#1182,#1183,#1184,#1185,#1186,#1187,#1188));
#209=EDGE_LOOP('',(#1189));
#210=EDGE_LOOP('',(#1190));
#211=EDGE_LOOP('',(#1191,#1192,#1193,#1194,#1195,#1196,#1197,#1198));
#212=EDGE_LOOP('',(#1199,#1200,#1201,#1202,#1203,#1204,#1205,#1206));
#213=EDGE_LOOP('',(#1207,#1208,#1209,#1210));
#214=EDGE_LOOP('',(#1211,#1212,#1213,#1214));
#215=EDGE_LOOP('',(#1215,#1216,#1217,#1218,#1219,#1220));
#216=EDGE_LOOP('',(#1221,#1222,#1223,#1224));
#217=EDGE_LOOP('',(#1225));
#218=EDGE_LOOP('',(#1226));
#219=EDGE_LOOP('',(#1227,#1228,#1229,#1230,#1231,#1232,#1233,#1234));
#220=EDGE_LOOP('',(#1235,#1236,#1237,#1238,#1239,#1240,#1241,#1242));
#221=EDGE_LOOP('',(#1243,#1244,#1245,#1246));
#222=EDGE_LOOP('',(#1247,#1248,#1249,#1250));
#223=EDGE_LOOP('',(#1251,#1252,#1253,#1254,#1255,#1256));
#224=EDGE_LOOP('',(#1257,#1258,#1259,#1260));
#225=EDGE_LOOP('',(#1261));
#226=EDGE_LOOP('',(#1262));
#227=EDGE_LOOP('',(#1263,#1264,#1265,#1266,#1267,#1268,#1269,#1270));
#228=EDGE_LOOP('',(#1271,#1272,#1273,#1274,#1275,#1276,#1277,#1278));
#229=EDGE_LOOP('',(#1279,#1280,#1281,#1282));
#230=EDGE_LOOP('',(#1283,#1284,#1285,#1286));
#231=EDGE_LOOP('',(#1287,#1288,#1289,#1290,#1291,#1292));
#232=EDGE_LOOP('',(#1293,#1294,#1295,#1296));
#233=EDGE_LOOP('',(#1297));
#234=EDGE_LOOP('',(#1298));
#235=EDGE_LOOP('',(#1299,#1300,#1301,#1302,#1303,#1304,#1305,#1306));
#236=EDGE_LOOP('',(#1307,#1308,#1309,#1310,#1311,#1312,#1313,#1314));
#237=EDGE_LOOP('',(#1315,#1316,#1317,#1318));
#238=EDGE_LOOP('',(#1319,#1320,#1321,#1322));
#239=EDGE_LOOP('',(#1323,#1324,#1325,#1326,#1327,#1328));
#240=EDGE_LOOP('',(#1329,#1330,#1331,#1332));
#241=EDGE_LOOP('',(#1333));
#242=EDGE_LOOP('',(#1334));
#243=EDGE_LOOP('',(#1335,#1336,#1337,#1338,#1339,#1340,#1341,#1342));
#244=EDGE_LOOP('',(#1343,#1344,#1345,#1346,#1347,#1348,#1349,#1350));
#245=EDGE_LOOP('',(#1351,#1352,#1353,#1354));
#246=EDGE_LOOP('',(#1355,#1356,#1357,#1358));
#247=EDGE_LOOP('',(#1359,#1360,#1361,#1362,#1363,#1364));
#248=EDGE_LOOP('',(#1365,#1366,#1367,#1368));
#249=EDGE_LOOP('',(#1369));
#250=EDGE_LOOP('',(#1370));
#251=EDGE_LOOP('',(#1371,#1372,#1373,#1374,#1375,#1376,#1377,#1378));
#252=EDGE_LOOP('',(#1379,#1380,#1381,#1382,#1383,#1384,#1385,#1386));
#253=EDGE_LOOP('',(#1387,#1388,#1389,#1390));
#254=EDGE_LOOP('',(#1391,#1392,#1393,#1394));
#255=EDGE_LOOP('',(#1395,#1396,#1397,#1398,#1399,#1400));
#256=EDGE_LOOP('',(#1401,#1402,#1403,#1404));
#257=EDGE_LOOP('',(#1405));
#258=EDGE_LOOP('',(#1406));
#259=EDGE_LOOP('',(#1407,#1408,#1409,#1410,#1411,#1412,#1413,#1414));
#260=EDGE_LOOP('',(#1415,#1416,#1417,#1418,#1419,#1420,#1421,#1422));
#261=EDGE_LOOP('',(#1423,#1424,#1425,#1426));
#262=EDGE_LOOP('',(#1427,#1428,#1429,#1430));
#263=EDGE_LOOP('',(#1431,#1432,#1433,#1434,#1435,#1436));
#264=EDGE_LOOP('',(#1437,#1438,#1439,#1440));
#265=LINE('',#2505,#321);
#266=LINE('',#2508,#322);
#267=LINE('',#2517,#323);
#268=LINE('',#2524,#324);
#269=LINE('',#2539,#325);
#270=LINE('',#2542,#326);
#271=LINE('',#2551,#327);
#272=LINE('',#2558,#328);
#273=LINE('',#2573,#329);
#274=LINE('',#2576,#330);
#275=LINE('',#2585,#331);
#276=LINE('',#2592,#332);
#277=LINE('',#2607,#333);
#278=LINE('',#2610,#334);
#279=LINE('',#2619,#335);
#280=LINE('',#2626,#336);
#281=LINE('',#2641,#337);
#282=LINE('',#2644,#338);
#283=LINE('',#2653,#339);
#284=LINE('',#2660,#340);
#285=LINE('',#2675,#341);
#286=LINE('',#2678,#342);
#287=LINE('',#2687,#343);
#288=LINE('',#2694,#344);
#289=LINE('',#2709,#345);
#290=LINE('',#2712,#346);
#291=LINE('',#2721,#347);
#292=LINE('',#2728,#348);
#293=LINE('',#2768,#349);
#294=LINE('',#2769,#350);
#295=LINE('',#2771,#351);
#296=LINE('',#2773,#352);
#297=LINE('',#2805,#353);
#298=LINE('',#2806,#354);
#299=LINE('',#2808,#355);
#300=LINE('',#2810,#356);
#301=LINE('',#2842,#357);
#302=LINE('',#2843,#358);
#303=LINE('',#2845,#359);
#304=LINE('',#2847,#360);
#305=LINE('',#2879,#361);
#306=LINE('',#2880,#362);
#307=LINE('',#2882,#363);
#308=LINE('',#2884,#364);
#309=LINE('',#2916,#365);
#310=LINE('',#2917,#366);
#311=LINE('',#2919,#367);
#312=LINE('',#2921,#368);
#313=LINE('',#2953,#369);
#314=LINE('',#2954,#370);
#315=LINE('',#2956,#371);
#316=LINE('',#2958,#372);
#317=LINE('',#2990,#373);
#318=LINE('',#2991,#374);
#319=LINE('',#2993,#375);
#320=LINE('',#2995,#376);
#321=VECTOR('',#1901,10.);
#322=VECTOR('',#1904,10.);
#323=VECTOR('',#1913,10.);
#324=VECTOR('',#1922,10.);
#325=VECTOR('',#1941,10.);
#326=VECTOR('',#1944,10.);
#327=VECTOR('',#1953,10.);
#328=VECTOR('',#1962,10.);
#329=VECTOR('',#1981,10.);
#330=VECTOR('',#1984,10.);
#331=VECTOR('',#1993,10.);
#332=VECTOR('',#2002,10.);
#333=VECTOR('',#2021,10.);
#334=VECTOR('',#2024,10.);
#335=VECTOR('',#2033,10.);
#336=VECTOR('',#2042,10.);
#337=VECTOR('',#2061,10.);
#338=VECTOR('',#2064,10.);
#339=VECTOR('',#2073,10.);
#340=VECTOR('',#2082,10.);
#341=VECTOR('',#2101,10.);
#342=VECTOR('',#2104,10.);
#343=VECTOR('',#2113,10.);
#344=VECTOR('',#2122,10.);
#345=VECTOR('',#2141,10.);
#346=VECTOR('',#2144,10.);
#347=VECTOR('',#2153,10.);
#348=VECTOR('',#2162,10.);
#349=VECTOR('',#2213,10.);
#350=VECTOR('',#2214,10.);
#351=VECTOR('',#2217,10.);
#352=VECTOR('',#2220,10.);
#353=VECTOR('',#2259,10.);
#354=VECTOR('',#2260,10.);
#355=VECTOR('',#2263,10.);
#356=VECTOR('',#2266,10.);
#357=VECTOR('',#2305,10.);
#358=VECTOR('',#2306,10.);
#359=VECTOR('',#2309,10.);
#360=VECTOR('',#2312,10.);
#361=VECTOR('',#2351,10.);
#362=VECTOR('',#2352,10.);
#363=VECTOR('',#2355,10.);
#364=VECTOR('',#2358,10.);
#365=VECTOR('',#2397,10.);
#366=VECTOR('',#2398,10.);
#367=VECTOR('',#2401,10.);
#368=VECTOR('',#2404,10.);
#369=VECTOR('',#2443,10.);
#370=VECTOR('',#2444,10.);
#371=VECTOR('',#2447,10.);
#372=VECTOR('',#2450,10.);
#373=VECTOR('',#2489,10.);
#374=VECTOR('',#2490,10.);
#375=VECTOR('',#2493,10.);
#376=VECTOR('',#2496,10.);
#377=CIRCLE('',#1623,83.9751909315484);
#378=CIRCLE('',#1624,92.2812694537196);
#379=CIRCLE('',#1626,78.0338752849684);
#380=CIRCLE('',#1627,86.9096409611155);
#381=CIRCLE('',#1628,86.9096409611155);
#382=CIRCLE('',#1629,78.0338752849684);
#383=CIRCLE('',#1631,83.9751909315484);
#384=CIRCLE('',#1632,92.2812694537196);
#385=CIRCLE('',#1634,78.0338752849684);
#386=CIRCLE('',#1635,86.9096409611155);
#387=CIRCLE('',#1637,87.5);
#388=CIRCLE('',#1639,95.5);
#389=CIRCLE('',#1641,92.2812694537196);
#390=CIRCLE('',#1642,92.4882300186894);
#391=CIRCLE('',#1644,86.9096409611155);
#392=CIRCLE('',#1645,87.1293618247603);
#393=CIRCLE('',#1646,87.1293618247603);
#394=CIRCLE('',#1647,86.9096409611155);
#395=CIRCLE('',#1649,92.2812694537196);
#396=CIRCLE('',#1650,92.4882300186894);
#397=CIRCLE('',#1652,86.9096409611155);
#398=CIRCLE('',#1653,87.1293618247603);
#399=CIRCLE('',#1655,95.5);
#400=CIRCLE('',#1657,95.7);
#401=CIRCLE('',#1659,92.4882300186894);
#402=CIRCLE('',#1660,92.5399653770737);
#403=CIRCLE('',#1662,87.1293618247603);
#404=CIRCLE('',#1663,87.1842772063289);
#405=CIRCLE('',#1664,87.1842772063289);
#406=CIRCLE('',#1665,87.1293618247603);
#407=CIRCLE('',#1667,92.4882300186894);
#408=CIRCLE('',#1668,92.5399653770737);
#409=CIRCLE('',#1670,87.1293618247603);
#410=CIRCLE('',#1671,87.1842772063289);
#411=CIRCLE('',#1673,95.7);
#412=CIRCLE('',#1675,95.75);
#413=CIRCLE('',#1677,92.5399653770737);
#414=CIRCLE('',#1678,92.5761789932486);
#415=CIRCLE('',#1680,87.1842772063289);
#416=CIRCLE('',#1681,87.2227144555247);
#417=CIRCLE('',#1682,87.2227144555247);
#418=CIRCLE('',#1683,87.1842772063289);
#419=CIRCLE('',#1685,92.5399653770737);
#420=CIRCLE('',#1686,92.5761789932486);
#421=CIRCLE('',#1688,87.1842772063289);
#422=CIRCLE('',#1689,87.2227144555247);
#423=CIRCLE('',#1691,95.75);
#424=CIRCLE('',#1693,95.785);
#425=CIRCLE('',#1695,92.5761789932486);
#426=CIRCLE('',#1696,92.7106785488598);
#427=CIRCLE('',#1698,87.2227144555247);
#428=CIRCLE('',#1699,87.3654560852858);
#429=CIRCLE('',#1700,87.3654560852858);
#430=CIRCLE('',#1701,87.2227144555247);
#431=CIRCLE('',#1703,92.5761789932486);
#432=CIRCLE('',#1704,92.7106785488598);
#433=CIRCLE('',#1706,87.2227144555247);
#434=CIRCLE('',#1707,87.3654560852858);
#435=CIRCLE('',#1709,95.785);
#436=CIRCLE('',#1711,95.915);
#437=CIRCLE('',#1713,92.7106785488598);
#438=CIRCLE('',#1714,92.746887775224);
#439=CIRCLE('',#1716,87.3654560852858);
#440=CIRCLE('',#1717,87.4038797307648);
#441=CIRCLE('',#1718,87.4038797307648);
#442=CIRCLE('',#1719,87.3654560852858);
#443=CIRCLE('',#1721,92.7106785488598);
#444=CIRCLE('',#1722,92.746887775224);
#445=CIRCLE('',#1724,87.3654560852858);
#446=CIRCLE('',#1725,87.4038797307648);
#447=CIRCLE('',#1727,95.915);
#448=CIRCLE('',#1729,95.95);
#449=CIRCLE('',#1731,92.746887775224);
#450=CIRCLE('',#1732,96.930813944741);
#451=CIRCLE('',#1734,87.4038797307648);
#452=CIRCLE('',#1735,91.8315615242929);
#453=CIRCLE('',#1736,91.8315615242929);
#454=CIRCLE('',#1737,87.4038797307648);
#455=CIRCLE('',#1739,92.746887775224);
#456=CIRCLE('',#1740,96.930813944741);
#457=CIRCLE('',#1742,87.4038797307648);
#458=CIRCLE('',#1743,91.8315615242929);
#459=CIRCLE('',#1745,95.95);
#460=CIRCLE('',#1747,100.);
#461=CIRCLE('',#1749,95.5);
#462=CIRCLE('',#1750,87.5);
#463=CIRCLE('',#1752,92.2812428123939);
#464=CIRCLE('',#1753,86.9095954138552);
#465=CIRCLE('',#1754,95.5);
#466=CIRCLE('',#1755,86.9095954138552);
#467=CIRCLE('',#1756,92.2812428123939);
#468=CIRCLE('',#1757,86.9095954138552);
#469=CIRCLE('',#1759,83.9751616550989);
#470=CIRCLE('',#1760,78.0338245570471);
#471=CIRCLE('',#1761,83.9751616550989);
#472=CIRCLE('',#1762,78.0338245570471);
#473=CIRCLE('',#1763,87.5);
#474=CIRCLE('',#1764,78.0338245570471);
#475=CIRCLE('',#1770,95.7);
#476=CIRCLE('',#1771,95.5);
#477=CIRCLE('',#1773,92.4882034369789);
#478=CIRCLE('',#1774,87.1293163923602);
#479=CIRCLE('',#1775,95.7);
#480=CIRCLE('',#1776,87.1293163923602);
#481=CIRCLE('',#1777,92.4882034369789);
#482=CIRCLE('',#1778,87.1293163923602);
#483=CIRCLE('',#1780,92.2812428123939);
#484=CIRCLE('',#1781,86.9095954138552);
#485=CIRCLE('',#1782,92.2812428123939);
#486=CIRCLE('',#1783,86.9095954138552);
#487=CIRCLE('',#1784,95.5);
#488=CIRCLE('',#1785,86.9095954138552);
#489=CIRCLE('',#1791,95.75);
#490=CIRCLE('',#1792,95.7);
#491=CIRCLE('',#1794,92.539938810224);
#492=CIRCLE('',#1795,87.1842318025456);
#493=CIRCLE('',#1796,95.75);
#494=CIRCLE('',#1797,87.1842318025456);
#495=CIRCLE('',#1798,92.539938810224);
#496=CIRCLE('',#1799,87.1842318025456);
#497=CIRCLE('',#1801,92.4882034369789);
#498=CIRCLE('',#1802,87.1293163923602);
#499=CIRCLE('',#1803,92.4882034369789);
#500=CIRCLE('',#1804,87.1293163923602);
#501=CIRCLE('',#1805,95.7);
#502=CIRCLE('',#1806,87.1293163923602);
#503=CIRCLE('',#1812,95.785);
#504=CIRCLE('',#1813,95.75);
#505=CIRCLE('',#1815,92.5761524367912);
#506=CIRCLE('',#1816,87.2226690717499);
#507=CIRCLE('',#1817,95.785);
#508=CIRCLE('',#1818,87.2226690717499);
#509=CIRCLE('',#1819,92.5761524367912);
#510=CIRCLE('',#1820,87.2226690717499);
#511=CIRCLE('',#1822,92.539938810224);
#512=CIRCLE('',#1823,87.1842318025456);
#513=CIRCLE('',#1824,92.539938810224);
#514=CIRCLE('',#1825,87.1842318025456);
#515=CIRCLE('',#1826,95.75);
#516=CIRCLE('',#1827,87.1842318025456);
#517=CIRCLE('',#1833,95.915);
#518=CIRCLE('',#1834,95.785);
#519=CIRCLE('',#1836,92.710652030929);
#520=CIRCLE('',#1837,87.3654107756611);
#521=CIRCLE('',#1838,95.915);
#522=CIRCLE('',#1839,87.3654107756611);
#523=CIRCLE('',#1840,92.710652030929);
#524=CIRCLE('',#1841,87.3654107756611);
#525=CIRCLE('',#1843,92.5761524367912);
#526=CIRCLE('',#1844,87.2226690717499);
#527=CIRCLE('',#1845,92.5761524367912);
#528=CIRCLE('',#1846,87.2226690717499);
#529=CIRCLE('',#1847,95.785);
#530=CIRCLE('',#1848,87.2226690717499);
#531=CIRCLE('',#1854,95.95);
#532=CIRCLE('',#1855,95.915);
#533=CIRCLE('',#1857,92.7468612676461);
#534=CIRCLE('',#1858,87.4038344410587);
#535=CIRCLE('',#1859,95.95);
#536=CIRCLE('',#1860,87.4038344410587);
#537=CIRCLE('',#1861,92.7468612676461);
#538=CIRCLE('',#1862,87.4038344410587);
#539=CIRCLE('',#1864,92.710652030929);
#540=CIRCLE('',#1865,87.3654107756611);
#541=CIRCLE('',#1866,92.710652030929);
#542=CIRCLE('',#1867,87.3654107756611);
#543=CIRCLE('',#1868,95.915);
#544=CIRCLE('',#1869,87.3654107756611);
#545=CIRCLE('',#1875,100.);
#546=CIRCLE('',#1876,95.95);
#547=CIRCLE('',#1878,96.9307885813378);
#548=CIRCLE('',#1879,91.8315184182424);
#549=CIRCLE('',#1880,100.);
#550=CIRCLE('',#1881,91.8315184182424);
#551=CIRCLE('',#1882,96.9307885813378);
#552=CIRCLE('',#1883,91.8315184182424);
#553=CIRCLE('',#1885,92.7468612676461);
#554=CIRCLE('',#1886,87.4038344410587);
#555=CIRCLE('',#1887,92.7468612676461);
#556=CIRCLE('',#1888,87.4038344410587);
#557=CIRCLE('',#1889,95.95);
#558=CIRCLE('',#1890,87.4038344410587);
#559=VERTEX_POINT('',#2501);
#560=VERTEX_POINT('',#2502);
#561=VERTEX_POINT('',#2504);
#562=VERTEX_POINT('',#2506);
#563=VERTEX_POINT('',#2510);
#564=VERTEX_POINT('',#2512);
#565=VERTEX_POINT('',#2514);
#566=VERTEX_POINT('',#2516);
#567=VERTEX_POINT('',#2520);
#568=VERTEX_POINT('',#2522);
#569=VERTEX_POINT('',#2529);
#570=VERTEX_POINT('',#2532);
#571=VERTEX_POINT('',#2535);
#572=VERTEX_POINT('',#2536);
#573=VERTEX_POINT('',#2538);
#574=VERTEX_POINT('',#2540);
#575=VERTEX_POINT('',#2544);
#576=VERTEX_POINT('',#2546);
#577=VERTEX_POINT('',#2548);
#578=VERTEX_POINT('',#2550);
#579=VERTEX_POINT('',#2554);
#580=VERTEX_POINT('',#2556);
#581=VERTEX_POINT('',#2563);
#582=VERTEX_POINT('',#2566);
#583=VERTEX_POINT('',#2569);
#584=VERTEX_POINT('',#2570);
#585=VERTEX_POINT('',#2572);
#586=VERTEX_POINT('',#2574);
#587=VERTEX_POINT('',#2578);
#588=VERTEX_POINT('',#2580);
#589=VERTEX_POINT('',#2582);
#590=VERTEX_POINT('',#2584);
#591=VERTEX_POINT('',#2588);
#592=VERTEX_POINT('',#2590);
#593=VERTEX_POINT('',#2597);
#594=VERTEX_POINT('',#2600);
#595=VERTEX_POINT('',#2603);
#596=VERTEX_POINT('',#2604);
#597=VERTEX_POINT('',#2606);
#598=VERTEX_POINT('',#2608);
#599=VERTEX_POINT('',#2612);
#600=VERTEX_POINT('',#2614);
#601=VERTEX_POINT('',#2616);
#602=VERTEX_POINT('',#2618);
#603=VERTEX_POINT('',#2622);
#604=VERTEX_POINT('',#2624);
#605=VERTEX_POINT('',#2631);
#606=VERTEX_POINT('',#2634);
#607=VERTEX_POINT('',#2637);
#608=VERTEX_POINT('',#2638);
#609=VERTEX_POINT('',#2640);
#610=VERTEX_POINT('',#2642);
#611=VERTEX_POINT('',#2646);
#612=VERTEX_POINT('',#2648);
#613=VERTEX_POINT('',#2650);
#614=VERTEX_POINT('',#2652);
#615=VERTEX_POINT('',#2656);
#616=VERTEX_POINT('',#2658);
#617=VERTEX_POINT('',#2665);
#618=VERTEX_POINT('',#2668);
#619=VERTEX_POINT('',#2671);
#620=VERTEX_POINT('',#2672);
#621=VERTEX_POINT('',#2674);
#622=VERTEX_POINT('',#2676);
#623=VERTEX_POINT('',#2680);
#624=VERTEX_POINT('',#2682);
#625=VERTEX_POINT('',#2684);
#626=VERTEX_POINT('',#2686);
#627=VERTEX_POINT('',#2690);
#628=VERTEX_POINT('',#2692);
#629=VERTEX_POINT('',#2699);
#630=VERTEX_POINT('',#2702);
#631=VERTEX_POINT('',#2705);
#632=VERTEX_POINT('',#2706);
#633=VERTEX_POINT('',#2708);
#634=VERTEX_POINT('',#2710);
#635=VERTEX_POINT('',#2714);
#636=VERTEX_POINT('',#2716);
#637=VERTEX_POINT('',#2718);
#638=VERTEX_POINT('',#2720);
#639=VERTEX_POINT('',#2724);
#640=VERTEX_POINT('',#2726);
#641=VERTEX_POINT('',#2733);
#642=VERTEX_POINT('',#2736);
#643=VERTEX_POINT('',#2739);
#644=VERTEX_POINT('',#2741);
#645=VERTEX_POINT('',#2744);
#646=VERTEX_POINT('',#2745);
#647=VERTEX_POINT('',#2747);
#648=VERTEX_POINT('',#2750);
#649=VERTEX_POINT('',#2752);
#650=VERTEX_POINT('',#2756);
#651=VERTEX_POINT('',#2757);
#652=VERTEX_POINT('',#2759);
#653=VERTEX_POINT('',#2761);
#654=VERTEX_POINT('',#2763);
#655=VERTEX_POINT('',#2776);
#656=VERTEX_POINT('',#2778);
#657=VERTEX_POINT('',#2781);
#658=VERTEX_POINT('',#2782);
#659=VERTEX_POINT('',#2784);
#660=VERTEX_POINT('',#2787);
#661=VERTEX_POINT('',#2789);
#662=VERTEX_POINT('',#2793);
#663=VERTEX_POINT('',#2794);
#664=VERTEX_POINT('',#2796);
#665=VERTEX_POINT('',#2798);
#666=VERTEX_POINT('',#2800);
#667=VERTEX_POINT('',#2813);
#668=VERTEX_POINT('',#2815);
#669=VERTEX_POINT('',#2818);
#670=VERTEX_POINT('',#2819);
#671=VERTEX_POINT('',#2821);
#672=VERTEX_POINT('',#2824);
#673=VERTEX_POINT('',#2826);
#674=VERTEX_POINT('',#2830);
#675=VERTEX_POINT('',#2831);
#676=VERTEX_POINT('',#2833);
#677=VERTEX_POINT('',#2835);
#678=VERTEX_POINT('',#2837);
#679=VERTEX_POINT('',#2850);
#680=VERTEX_POINT('',#2852);
#681=VERTEX_POINT('',#2855);
#682=VERTEX_POINT('',#2856);
#683=VERTEX_POINT('',#2858);
#684=VERTEX_POINT('',#2861);
#685=VERTEX_POINT('',#2863);
#686=VERTEX_POINT('',#2867);
#687=VERTEX_POINT('',#2868);
#688=VERTEX_POINT('',#2870);
#689=VERTEX_POINT('',#2872);
#690=VERTEX_POINT('',#2874);
#691=VERTEX_POINT('',#2887);
#692=VERTEX_POINT('',#2889);
#693=VERTEX_POINT('',#2892);
#694=VERTEX_POINT('',#2893);
#695=VERTEX_POINT('',#2895);
#696=VERTEX_POINT('',#2898);
#697=VERTEX_POINT('',#2900);
#698=VERTEX_POINT('',#2904);
#699=VERTEX_POINT('',#2905);
#700=VERTEX_POINT('',#2907);
#701=VERTEX_POINT('',#2909);
#702=VERTEX_POINT('',#2911);
#703=VERTEX_POINT('',#2924);
#704=VERTEX_POINT('',#2926);
#705=VERTEX_POINT('',#2929);
#706=VERTEX_POINT('',#2930);
#707=VERTEX_POINT('',#2932);
#708=VERTEX_POINT('',#2935);
#709=VERTEX_POINT('',#2937);
#710=VERTEX_POINT('',#2941);
#711=VERTEX_POINT('',#2942);
#712=VERTEX_POINT('',#2944);
#713=VERTEX_POINT('',#2946);
#714=VERTEX_POINT('',#2948);
#715=VERTEX_POINT('',#2961);
#716=VERTEX_POINT('',#2963);
#717=VERTEX_POINT('',#2966);
#718=VERTEX_POINT('',#2967);
#719=VERTEX_POINT('',#2969);
#720=VERTEX_POINT('',#2972);
#721=VERTEX_POINT('',#2974);
#722=VERTEX_POINT('',#2978);
#723=VERTEX_POINT('',#2979);
#724=VERTEX_POINT('',#2981);
#725=VERTEX_POINT('',#2983);
#726=VERTEX_POINT('',#2985);
#727=EDGE_CURVE('',#559,#560,#377,.T.);
#728=EDGE_CURVE('',#559,#561,#265,.T.);
#729=EDGE_CURVE('',#562,#561,#378,.T.);
#730=EDGE_CURVE('',#560,#562,#266,.T.);
#731=EDGE_CURVE('',#560,#563,#379,.T.);
#732=EDGE_CURVE('',#564,#562,#380,.T.);
#733=EDGE_CURVE('',#565,#564,#381,.T.);
#734=EDGE_CURVE('',#566,#565,#267,.T.);
#735=EDGE_CURVE('',#563,#566,#382,.T.);
#736=EDGE_CURVE('',#566,#567,#383,.T.);
#737=EDGE_CURVE('',#568,#565,#384,.T.);
#738=EDGE_CURVE('',#567,#568,#268,.T.);
#739=EDGE_CURVE('',#567,#559,#385,.T.);
#740=EDGE_CURVE('',#561,#568,#386,.T.);
#741=EDGE_CURVE('',#569,#563,#387,.T.);
#742=EDGE_CURVE('',#570,#564,#388,.T.);
#743=EDGE_CURVE('',#571,#572,#389,.T.);
#744=EDGE_CURVE('',#571,#573,#269,.T.);
#745=EDGE_CURVE('',#574,#573,#390,.T.);
#746=EDGE_CURVE('',#572,#574,#270,.T.);
#747=EDGE_CURVE('',#572,#575,#391,.T.);
#748=EDGE_CURVE('',#576,#574,#392,.T.);
#749=EDGE_CURVE('',#577,#576,#393,.T.);
#750=EDGE_CURVE('',#578,#577,#271,.T.);
#751=EDGE_CURVE('',#575,#578,#394,.T.);
#752=EDGE_CURVE('',#578,#579,#395,.T.);
#753=EDGE_CURVE('',#580,#577,#396,.T.);
#754=EDGE_CURVE('',#579,#580,#272,.T.);
#755=EDGE_CURVE('',#579,#571,#397,.T.);
#756=EDGE_CURVE('',#573,#580,#398,.T.);
#757=EDGE_CURVE('',#581,#575,#399,.T.);
#758=EDGE_CURVE('',#582,#576,#400,.T.);
#759=EDGE_CURVE('',#583,#584,#401,.T.);
#760=EDGE_CURVE('',#583,#585,#273,.T.);
#761=EDGE_CURVE('',#586,#585,#402,.T.);
#762=EDGE_CURVE('',#584,#586,#274,.T.);
#763=EDGE_CURVE('',#584,#587,#403,.T.);
#764=EDGE_CURVE('',#588,#586,#404,.T.);
#765=EDGE_CURVE('',#589,#588,#405,.T.);
#766=EDGE_CURVE('',#590,#589,#275,.T.);
#767=EDGE_CURVE('',#587,#590,#406,.T.);
#768=EDGE_CURVE('',#590,#591,#407,.T.);
#769=EDGE_CURVE('',#592,#589,#408,.T.);
#770=EDGE_CURVE('',#591,#592,#276,.T.);
#771=EDGE_CURVE('',#591,#583,#409,.T.);
#772=EDGE_CURVE('',#585,#592,#410,.T.);
#773=EDGE_CURVE('',#593,#587,#411,.T.);
#774=EDGE_CURVE('',#594,#588,#412,.T.);
#775=EDGE_CURVE('',#595,#596,#413,.T.);
#776=EDGE_CURVE('',#595,#597,#277,.T.);
#777=EDGE_CURVE('',#598,#597,#414,.T.);
#778=EDGE_CURVE('',#596,#598,#278,.T.);
#779=EDGE_CURVE('',#596,#599,#415,.T.);
#780=EDGE_CURVE('',#600,#598,#416,.T.);
#781=EDGE_CURVE('',#601,#600,#417,.T.);
#782=EDGE_CURVE('',#602,#601,#279,.T.);
#783=EDGE_CURVE('',#599,#602,#418,.T.);
#784=EDGE_CURVE('',#602,#603,#419,.T.);
#785=EDGE_CURVE('',#604,#601,#420,.T.);
#786=EDGE_CURVE('',#603,#604,#280,.T.);
#787=EDGE_CURVE('',#603,#595,#421,.T.);
#788=EDGE_CURVE('',#597,#604,#422,.T.);
#789=EDGE_CURVE('',#605,#599,#423,.T.);
#790=EDGE_CURVE('',#606,#600,#424,.T.);
#791=EDGE_CURVE('',#607,#608,#425,.T.);
#792=EDGE_CURVE('',#607,#609,#281,.T.);
#793=EDGE_CURVE('',#610,#609,#426,.T.);
#794=EDGE_CURVE('',#608,#610,#282,.T.);
#795=EDGE_CURVE('',#608,#611,#427,.T.);
#796=EDGE_CURVE('',#612,#610,#428,.T.);
#797=EDGE_CURVE('',#613,#612,#429,.T.);
#798=EDGE_CURVE('',#614,#613,#283,.T.);
#799=EDGE_CURVE('',#611,#614,#430,.T.);
#800=EDGE_CURVE('',#614,#615,#431,.T.);
#801=EDGE_CURVE('',#616,#613,#432,.T.);
#802=EDGE_CURVE('',#615,#616,#284,.T.);
#803=EDGE_CURVE('',#615,#607,#433,.T.);
#804=EDGE_CURVE('',#609,#616,#434,.T.);
#805=EDGE_CURVE('',#617,#611,#435,.T.);
#806=EDGE_CURVE('',#618,#612,#436,.T.);
#807=EDGE_CURVE('',#619,#620,#437,.T.);
#808=EDGE_CURVE('',#619,#621,#285,.T.);
#809=EDGE_CURVE('',#622,#621,#438,.T.);
#810=EDGE_CURVE('',#620,#622,#286,.T.);
#811=EDGE_CURVE('',#620,#623,#439,.T.);
#812=EDGE_CURVE('',#624,#622,#440,.T.);
#813=EDGE_CURVE('',#625,#624,#441,.T.);
#814=EDGE_CURVE('',#626,#625,#287,.T.);
#815=EDGE_CURVE('',#623,#626,#442,.T.);
#816=EDGE_CURVE('',#626,#627,#443,.T.);
#817=EDGE_CURVE('',#628,#625,#444,.T.);
#818=EDGE_CURVE('',#627,#628,#288,.T.);
#819=EDGE_CURVE('',#627,#619,#445,.T.);
#820=EDGE_CURVE('',#621,#628,#446,.T.);
#821=EDGE_CURVE('',#629,#623,#447,.T.);
#822=EDGE_CURVE('',#630,#624,#448,.T.);
#823=EDGE_CURVE('',#631,#632,#449,.T.);
#824=EDGE_CURVE('',#631,#633,#289,.T.);
#825=EDGE_CURVE('',#634,#633,#450,.T.);
#826=EDGE_CURVE('',#632,#634,#290,.T.);
#827=EDGE_CURVE('',#632,#635,#451,.T.);
#828=EDGE_CURVE('',#636,#634,#452,.T.);
#829=EDGE_CURVE('',#637,#636,#453,.T.);
#830=EDGE_CURVE('',#638,#637,#291,.T.);
#831=EDGE_CURVE('',#635,#638,#454,.T.);
#832=EDGE_CURVE('',#638,#639,#455,.T.);
#833=EDGE_CURVE('',#640,#637,#456,.T.);
#834=EDGE_CURVE('',#639,#640,#292,.T.);
#835=EDGE_CURVE('',#639,#631,#457,.T.);
#836=EDGE_CURVE('',#633,#640,#458,.T.);
#837=EDGE_CURVE('',#641,#635,#459,.T.);
#838=EDGE_CURVE('',#642,#636,#460,.T.);
#839=EDGE_CURVE('',#643,#643,#461,.T.);
#840=EDGE_CURVE('',#644,#644,#462,.T.);
#841=EDGE_CURVE('',#645,#646,#463,.T.);
#842=EDGE_CURVE('',#646,#647,#464,.T.);
#843=EDGE_CURVE('',#647,#643,#465,.T.);
#844=EDGE_CURVE('',#647,#648,#466,.T.);
#845=EDGE_CURVE('',#648,#649,#467,.T.);
#846=EDGE_CURVE('',#649,#645,#468,.T.);
#847=EDGE_CURVE('',#650,#651,#469,.T.);
#848=EDGE_CURVE('',#651,#652,#470,.T.);
#849=EDGE_CURVE('',#652,#653,#471,.T.);
#850=EDGE_CURVE('',#653,#654,#472,.T.);
#851=EDGE_CURVE('',#654,#644,#473,.T.);
#852=EDGE_CURVE('',#654,#650,#474,.T.);
#853=EDGE_CURVE('',#651,#645,#293,.T.);
#854=EDGE_CURVE('',#652,#649,#294,.T.);
#855=EDGE_CURVE('',#650,#646,#295,.T.);
#856=EDGE_CURVE('',#653,#648,#296,.T.);
#857=EDGE_CURVE('',#655,#655,#475,.T.);
#858=EDGE_CURVE('',#656,#656,#476,.T.);
#859=EDGE_CURVE('',#657,#658,#477,.T.);
#860=EDGE_CURVE('',#658,#659,#478,.T.);
#861=EDGE_CURVE('',#659,#655,#479,.T.);
#862=EDGE_CURVE('',#659,#660,#480,.T.);
#863=EDGE_CURVE('',#660,#661,#481,.T.);
#864=EDGE_CURVE('',#661,#657,#482,.T.);
#865=EDGE_CURVE('',#662,#663,#483,.T.);
#866=EDGE_CURVE('',#663,#664,#484,.T.);
#867=EDGE_CURVE('',#664,#665,#485,.T.);
#868=EDGE_CURVE('',#665,#666,#486,.T.);
#869=EDGE_CURVE('',#666,#656,#487,.T.);
#870=EDGE_CURVE('',#666,#662,#488,.T.);
#871=EDGE_CURVE('',#663,#657,#297,.T.);
#872=EDGE_CURVE('',#664,#661,#298,.T.);
#873=EDGE_CURVE('',#662,#658,#299,.T.);
#874=EDGE_CURVE('',#665,#660,#300,.T.);
#875=EDGE_CURVE('',#667,#667,#489,.T.);
#876=EDGE_CURVE('',#668,#668,#490,.T.);
#877=EDGE_CURVE('',#669,#670,#491,.T.);
#878=EDGE_CURVE('',#670,#671,#492,.T.);
#879=EDGE_CURVE('',#671,#667,#493,.T.);
#880=EDGE_CURVE('',#671,#672,#494,.T.);
#881=EDGE_CURVE('',#672,#673,#495,.T.);
#882=EDGE_CURVE('',#673,#669,#496,.T.);
#883=EDGE_CURVE('',#674,#675,#497,.T.);
#884=EDGE_CURVE('',#675,#676,#498,.T.);
#885=EDGE_CURVE('',#676,#677,#499,.T.);
#886=EDGE_CURVE('',#677,#678,#500,.T.);
#887=EDGE_CURVE('',#678,#668,#501,.T.);
#888=EDGE_CURVE('',#678,#674,#502,.T.);
#889=EDGE_CURVE('',#675,#669,#301,.T.);
#890=EDGE_CURVE('',#676,#673,#302,.T.);
#891=EDGE_CURVE('',#674,#670,#303,.T.);
#892=EDGE_CURVE('',#677,#672,#304,.T.);
#893=EDGE_CURVE('',#679,#679,#503,.T.);
#894=EDGE_CURVE('',#680,#680,#504,.T.);
#895=EDGE_CURVE('',#681,#682,#505,.T.);
#896=EDGE_CURVE('',#682,#683,#506,.T.);
#897=EDGE_CURVE('',#683,#679,#507,.T.);
#898=EDGE_CURVE('',#683,#684,#508,.T.);
#899=EDGE_CURVE('',#684,#685,#509,.T.);
#900=EDGE_CURVE('',#685,#681,#510,.T.);
#901=EDGE_CURVE('',#686,#687,#511,.T.);
#902=EDGE_CURVE('',#687,#688,#512,.T.);
#903=EDGE_CURVE('',#688,#689,#513,.T.);
#904=EDGE_CURVE('',#689,#690,#514,.T.);
#905=EDGE_CURVE('',#690,#680,#515,.T.);
#906=EDGE_CURVE('',#690,#686,#516,.T.);
#907=EDGE_CURVE('',#687,#681,#305,.T.);
#908=EDGE_CURVE('',#688,#685,#306,.T.);
#909=EDGE_CURVE('',#686,#682,#307,.T.);
#910=EDGE_CURVE('',#689,#684,#308,.T.);
#911=EDGE_CURVE('',#691,#691,#517,.T.);
#912=EDGE_CURVE('',#692,#692,#518,.T.);
#913=EDGE_CURVE('',#693,#694,#519,.T.);
#914=EDGE_CURVE('',#694,#695,#520,.T.);
#915=EDGE_CURVE('',#695,#691,#521,.T.);
#916=EDGE_CURVE('',#695,#696,#522,.T.);
#917=EDGE_CURVE('',#696,#697,#523,.T.);
#918=EDGE_CURVE('',#697,#693,#524,.T.);
#919=EDGE_CURVE('',#698,#699,#525,.T.);
#920=EDGE_CURVE('',#699,#700,#526,.T.);
#921=EDGE_CURVE('',#700,#701,#527,.T.);
#922=EDGE_CURVE('',#701,#702,#528,.T.);
#923=EDGE_CURVE('',#702,#692,#529,.T.);
#924=EDGE_CURVE('',#702,#698,#530,.T.);
#925=EDGE_CURVE('',#699,#693,#309,.T.);
#926=EDGE_CURVE('',#700,#697,#310,.T.);
#927=EDGE_CURVE('',#698,#694,#311,.T.);
#928=EDGE_CURVE('',#701,#696,#312,.T.);
#929=EDGE_CURVE('',#703,#703,#531,.T.);
#930=EDGE_CURVE('',#704,#704,#532,.T.);
#931=EDGE_CURVE('',#705,#706,#533,.T.);
#932=EDGE_CURVE('',#706,#707,#534,.T.);
#933=EDGE_CURVE('',#707,#703,#535,.T.);
#934=EDGE_CURVE('',#707,#708,#536,.T.);
#935=EDGE_CURVE('',#708,#709,#537,.T.);
#936=EDGE_CURVE('',#709,#705,#538,.T.);
#937=EDGE_CURVE('',#710,#711,#539,.T.);
#938=EDGE_CURVE('',#711,#712,#540,.T.);
#939=EDGE_CURVE('',#712,#713,#541,.T.);
#940=EDGE_CURVE('',#713,#714,#542,.T.);
#941=EDGE_CURVE('',#714,#704,#543,.T.);
#942=EDGE_CURVE('',#714,#710,#544,.T.);
#943=EDGE_CURVE('',#711,#705,#313,.T.);
#944=EDGE_CURVE('',#712,#709,#314,.T.);
#945=EDGE_CURVE('',#710,#706,#315,.T.);
#946=EDGE_CURVE('',#713,#708,#316,.T.);
#947=EDGE_CURVE('',#715,#715,#545,.T.);
#948=EDGE_CURVE('',#716,#716,#546,.T.);
#949=EDGE_CURVE('',#717,#718,#547,.T.);
#950=EDGE_CURVE('',#718,#719,#548,.T.);
#951=EDGE_CURVE('',#719,#715,#549,.T.);
#952=EDGE_CURVE('',#719,#720,#550,.T.);
#953=EDGE_CURVE('',#720,#721,#551,.T.);
#954=EDGE_CURVE('',#721,#717,#552,.T.);
#955=EDGE_CURVE('',#722,#723,#553,.T.);
#956=EDGE_CURVE('',#723,#724,#554,.T.);
#957=EDGE_CURVE('',#724,#725,#555,.T.);
#958=EDGE_CURVE('',#725,#726,#556,.T.);
#959=EDGE_CURVE('',#726,#716,#557,.T.);
#960=EDGE_CURVE('',#726,#722,#558,.T.);
#961=EDGE_CURVE('',#723,#717,#317,.T.);
#962=EDGE_CURVE('',#724,#721,#318,.T.);
#963=EDGE_CURVE('',#722,#718,#319,.T.);
#964=EDGE_CURVE('',#725,#720,#320,.T.);
#965=ORIENTED_EDGE('',*,*,#727,.F.);
#966=ORIENTED_EDGE('',*,*,#728,.T.);
#967=ORIENTED_EDGE('',*,*,#729,.F.);
#968=ORIENTED_EDGE('',*,*,#730,.F.);
#969=ORIENTED_EDGE('',*,*,#731,.F.);
#970=ORIENTED_EDGE('',*,*,#730,.T.);
#971=ORIENTED_EDGE('',*,*,#732,.F.);
#972=ORIENTED_EDGE('',*,*,#733,.F.);
#973=ORIENTED_EDGE('',*,*,#734,.F.);
#974=ORIENTED_EDGE('',*,*,#735,.F.);
#975=ORIENTED_EDGE('',*,*,#736,.F.);
#976=ORIENTED_EDGE('',*,*,#734,.T.);
#977=ORIENTED_EDGE('',*,*,#737,.F.);
#978=ORIENTED_EDGE('',*,*,#738,.F.);
#979=ORIENTED_EDGE('',*,*,#739,.F.);
#980=ORIENTED_EDGE('',*,*,#738,.T.);
#981=ORIENTED_EDGE('',*,*,#740,.F.);
#982=ORIENTED_EDGE('',*,*,#728,.F.);
#983=ORIENTED_EDGE('',*,*,#736,.T.);
#984=ORIENTED_EDGE('',*,*,#739,.T.);
#985=ORIENTED_EDGE('',*,*,#727,.T.);
#986=ORIENTED_EDGE('',*,*,#731,.T.);
#987=ORIENTED_EDGE('',*,*,#741,.F.);
#988=ORIENTED_EDGE('',*,*,#741,.T.);
#989=ORIENTED_EDGE('',*,*,#735,.T.);
#990=ORIENTED_EDGE('',*,*,#737,.T.);
#991=ORIENTED_EDGE('',*,*,#733,.T.);
#992=ORIENTED_EDGE('',*,*,#742,.F.);
#993=ORIENTED_EDGE('',*,*,#742,.T.);
#994=ORIENTED_EDGE('',*,*,#732,.T.);
#995=ORIENTED_EDGE('',*,*,#729,.T.);
#996=ORIENTED_EDGE('',*,*,#740,.T.);
#997=ORIENTED_EDGE('',*,*,#743,.F.);
#998=ORIENTED_EDGE('',*,*,#744,.T.);
#999=ORIENTED_EDGE('',*,*,#745,.F.);
#1000=ORIENTED_EDGE('',*,*,#746,.F.);
#1001=ORIENTED_EDGE('',*,*,#747,.F.);
#1002=ORIENTED_EDGE('',*,*,#746,.T.);
#1003=ORIENTED_EDGE('',*,*,#748,.F.);
#1004=ORIENTED_EDGE('',*,*,#749,.F.);
#1005=ORIENTED_EDGE('',*,*,#750,.F.);
#1006=ORIENTED_EDGE('',*,*,#751,.F.);
#1007=ORIENTED_EDGE('',*,*,#752,.F.);
#1008=ORIENTED_EDGE('',*,*,#750,.T.);
#1009=ORIENTED_EDGE('',*,*,#753,.F.);
#1010=ORIENTED_EDGE('',*,*,#754,.F.);
#1011=ORIENTED_EDGE('',*,*,#755,.F.);
#1012=ORIENTED_EDGE('',*,*,#754,.T.);
#1013=ORIENTED_EDGE('',*,*,#756,.F.);
#1014=ORIENTED_EDGE('',*,*,#744,.F.);
#1015=ORIENTED_EDGE('',*,*,#752,.T.);
#1016=ORIENTED_EDGE('',*,*,#755,.T.);
#1017=ORIENTED_EDGE('',*,*,#743,.T.);
#1018=ORIENTED_EDGE('',*,*,#747,.T.);
#1019=ORIENTED_EDGE('',*,*,#757,.F.);
#1020=ORIENTED_EDGE('',*,*,#757,.T.);
#1021=ORIENTED_EDGE('',*,*,#751,.T.);
#1022=ORIENTED_EDGE('',*,*,#753,.T.);
#1023=ORIENTED_EDGE('',*,*,#749,.T.);
#1024=ORIENTED_EDGE('',*,*,#758,.F.);
#1025=ORIENTED_EDGE('',*,*,#758,.T.);
#1026=ORIENTED_EDGE('',*,*,#748,.T.);
#1027=ORIENTED_EDGE('',*,*,#745,.T.);
#1028=ORIENTED_EDGE('',*,*,#756,.T.);
#1029=ORIENTED_EDGE('',*,*,#759,.F.);
#1030=ORIENTED_EDGE('',*,*,#760,.T.);
#1031=ORIENTED_EDGE('',*,*,#761,.F.);
#1032=ORIENTED_EDGE('',*,*,#762,.F.);
#1033=ORIENTED_EDGE('',*,*,#763,.F.);
#1034=ORIENTED_EDGE('',*,*,#762,.T.);
#1035=ORIENTED_EDGE('',*,*,#764,.F.);
#1036=ORIENTED_EDGE('',*,*,#765,.F.);
#1037=ORIENTED_EDGE('',*,*,#766,.F.);
#1038=ORIENTED_EDGE('',*,*,#767,.F.);
#1039=ORIENTED_EDGE('',*,*,#768,.F.);
#1040=ORIENTED_EDGE('',*,*,#766,.T.);
#1041=ORIENTED_EDGE('',*,*,#769,.F.);
#1042=ORIENTED_EDGE('',*,*,#770,.F.);
#1043=ORIENTED_EDGE('',*,*,#771,.F.);
#1044=ORIENTED_EDGE('',*,*,#770,.T.);
#1045=ORIENTED_EDGE('',*,*,#772,.F.);
#1046=ORIENTED_EDGE('',*,*,#760,.F.);
#1047=ORIENTED_EDGE('',*,*,#768,.T.);
#1048=ORIENTED_EDGE('',*,*,#771,.T.);
#1049=ORIENTED_EDGE('',*,*,#759,.T.);
#1050=ORIENTED_EDGE('',*,*,#763,.T.);
#1051=ORIENTED_EDGE('',*,*,#773,.F.);
#1052=ORIENTED_EDGE('',*,*,#773,.T.);
#1053=ORIENTED_EDGE('',*,*,#767,.T.);
#1054=ORIENTED_EDGE('',*,*,#769,.T.);
#1055=ORIENTED_EDGE('',*,*,#765,.T.);
#1056=ORIENTED_EDGE('',*,*,#774,.F.);
#1057=ORIENTED_EDGE('',*,*,#774,.T.);
#1058=ORIENTED_EDGE('',*,*,#764,.T.);
#1059=ORIENTED_EDGE('',*,*,#761,.T.);
#1060=ORIENTED_EDGE('',*,*,#772,.T.);
#1061=ORIENTED_EDGE('',*,*,#775,.F.);
#1062=ORIENTED_EDGE('',*,*,#776,.T.);
#1063=ORIENTED_EDGE('',*,*,#777,.F.);
#1064=ORIENTED_EDGE('',*,*,#778,.F.);
#1065=ORIENTED_EDGE('',*,*,#779,.F.);
#1066=ORIENTED_EDGE('',*,*,#778,.T.);
#1067=ORIENTED_EDGE('',*,*,#780,.F.);
#1068=ORIENTED_EDGE('',*,*,#781,.F.);
#1069=ORIENTED_EDGE('',*,*,#782,.F.);
#1070=ORIENTED_EDGE('',*,*,#783,.F.);
#1071=ORIENTED_EDGE('',*,*,#784,.F.);
#1072=ORIENTED_EDGE('',*,*,#782,.T.);
#1073=ORIENTED_EDGE('',*,*,#785,.F.);
#1074=ORIENTED_EDGE('',*,*,#786,.F.);
#1075=ORIENTED_EDGE('',*,*,#787,.F.);
#1076=ORIENTED_EDGE('',*,*,#786,.T.);
#1077=ORIENTED_EDGE('',*,*,#788,.F.);
#1078=ORIENTED_EDGE('',*,*,#776,.F.);
#1079=ORIENTED_EDGE('',*,*,#784,.T.);
#1080=ORIENTED_EDGE('',*,*,#787,.T.);
#1081=ORIENTED_EDGE('',*,*,#775,.T.);
#1082=ORIENTED_EDGE('',*,*,#779,.T.);
#1083=ORIENTED_EDGE('',*,*,#789,.F.);
#1084=ORIENTED_EDGE('',*,*,#789,.T.);
#1085=ORIENTED_EDGE('',*,*,#783,.T.);
#1086=ORIENTED_EDGE('',*,*,#785,.T.);
#1087=ORIENTED_EDGE('',*,*,#781,.T.);
#1088=ORIENTED_EDGE('',*,*,#790,.F.);
#1089=ORIENTED_EDGE('',*,*,#790,.T.);
#1090=ORIENTED_EDGE('',*,*,#780,.T.);
#1091=ORIENTED_EDGE('',*,*,#777,.T.);
#1092=ORIENTED_EDGE('',*,*,#788,.T.);
#1093=ORIENTED_EDGE('',*,*,#791,.F.);
#1094=ORIENTED_EDGE('',*,*,#792,.T.);
#1095=ORIENTED_EDGE('',*,*,#793,.F.);
#1096=ORIENTED_EDGE('',*,*,#794,.F.);
#1097=ORIENTED_EDGE('',*,*,#795,.F.);
#1098=ORIENTED_EDGE('',*,*,#794,.T.);
#1099=ORIENTED_EDGE('',*,*,#796,.F.);
#1100=ORIENTED_EDGE('',*,*,#797,.F.);
#1101=ORIENTED_EDGE('',*,*,#798,.F.);
#1102=ORIENTED_EDGE('',*,*,#799,.F.);
#1103=ORIENTED_EDGE('',*,*,#800,.F.);
#1104=ORIENTED_EDGE('',*,*,#798,.T.);
#1105=ORIENTED_EDGE('',*,*,#801,.F.);
#1106=ORIENTED_EDGE('',*,*,#802,.F.);
#1107=ORIENTED_EDGE('',*,*,#803,.F.);
#1108=ORIENTED_EDGE('',*,*,#802,.T.);
#1109=ORIENTED_EDGE('',*,*,#804,.F.);
#1110=ORIENTED_EDGE('',*,*,#792,.F.);
#1111=ORIENTED_EDGE('',*,*,#800,.T.);
#1112=ORIENTED_EDGE('',*,*,#803,.T.);
#1113=ORIENTED_EDGE('',*,*,#791,.T.);
#1114=ORIENTED_EDGE('',*,*,#795,.T.);
#1115=ORIENTED_EDGE('',*,*,#805,.F.);
#1116=ORIENTED_EDGE('',*,*,#805,.T.);
#1117=ORIENTED_EDGE('',*,*,#799,.T.);
#1118=ORIENTED_EDGE('',*,*,#801,.T.);
#1119=ORIENTED_EDGE('',*,*,#797,.T.);
#1120=ORIENTED_EDGE('',*,*,#806,.F.);
#1121=ORIENTED_EDGE('',*,*,#806,.T.);
#1122=ORIENTED_EDGE('',*,*,#796,.T.);
#1123=ORIENTED_EDGE('',*,*,#793,.T.);
#1124=ORIENTED_EDGE('',*,*,#804,.T.);
#1125=ORIENTED_EDGE('',*,*,#807,.F.);
#1126=ORIENTED_EDGE('',*,*,#808,.T.);
#1127=ORIENTED_EDGE('',*,*,#809,.F.);
#1128=ORIENTED_EDGE('',*,*,#810,.F.);
#1129=ORIENTED_EDGE('',*,*,#811,.F.);
#1130=ORIENTED_EDGE('',*,*,#810,.T.);
#1131=ORIENTED_EDGE('',*,*,#812,.F.);
#1132=ORIENTED_EDGE('',*,*,#813,.F.);
#1133=ORIENTED_EDGE('',*,*,#814,.F.);
#1134=ORIENTED_EDGE('',*,*,#815,.F.);
#1135=ORIENTED_EDGE('',*,*,#816,.F.);
#1136=ORIENTED_EDGE('',*,*,#814,.T.);
#1137=ORIENTED_EDGE('',*,*,#817,.F.);
#1138=ORIENTED_EDGE('',*,*,#818,.F.);
#1139=ORIENTED_EDGE('',*,*,#819,.F.);
#1140=ORIENTED_EDGE('',*,*,#818,.T.);
#1141=ORIENTED_EDGE('',*,*,#820,.F.);
#1142=ORIENTED_EDGE('',*,*,#808,.F.);
#1143=ORIENTED_EDGE('',*,*,#816,.T.);
#1144=ORIENTED_EDGE('',*,*,#819,.T.);
#1145=ORIENTED_EDGE('',*,*,#807,.T.);
#1146=ORIENTED_EDGE('',*,*,#811,.T.);
#1147=ORIENTED_EDGE('',*,*,#821,.F.);
#1148=ORIENTED_EDGE('',*,*,#821,.T.);
#1149=ORIENTED_EDGE('',*,*,#815,.T.);
#1150=ORIENTED_EDGE('',*,*,#817,.T.);
#1151=ORIENTED_EDGE('',*,*,#813,.T.);
#1152=ORIENTED_EDGE('',*,*,#822,.F.);
#1153=ORIENTED_EDGE('',*,*,#822,.T.);
#1154=ORIENTED_EDGE('',*,*,#812,.T.);
#1155=ORIENTED_EDGE('',*,*,#809,.T.);
#1156=ORIENTED_EDGE('',*,*,#820,.T.);
#1157=ORIENTED_EDGE('',*,*,#823,.F.);
#1158=ORIENTED_EDGE('',*,*,#824,.T.);
#1159=ORIENTED_EDGE('',*,*,#825,.F.);
#1160=ORIENTED_EDGE('',*,*,#826,.F.);
#1161=ORIENTED_EDGE('',*,*,#827,.F.);
#1162=ORIENTED_EDGE('',*,*,#826,.T.);
#1163=ORIENTED_EDGE('',*,*,#828,.F.);
#1164=ORIENTED_EDGE('',*,*,#829,.F.);
#1165=ORIENTED_EDGE('',*,*,#830,.F.);
#1166=ORIENTED_EDGE('',*,*,#831,.F.);
#1167=ORIENTED_EDGE('',*,*,#832,.F.);
#1168=ORIENTED_EDGE('',*,*,#830,.T.);
#1169=ORIENTED_EDGE('',*,*,#833,.F.);
#1170=ORIENTED_EDGE('',*,*,#834,.F.);
#1171=ORIENTED_EDGE('',*,*,#835,.F.);
#1172=ORIENTED_EDGE('',*,*,#834,.T.);
#1173=ORIENTED_EDGE('',*,*,#836,.F.);
#1174=ORIENTED_EDGE('',*,*,#824,.F.);
#1175=ORIENTED_EDGE('',*,*,#832,.T.);
#1176=ORIENTED_EDGE('',*,*,#835,.T.);
#1177=ORIENTED_EDGE('',*,*,#823,.T.);
#1178=ORIENTED_EDGE('',*,*,#827,.T.);
#1179=ORIENTED_EDGE('',*,*,#837,.F.);
#1180=ORIENTED_EDGE('',*,*,#837,.T.);
#1181=ORIENTED_EDGE('',*,*,#831,.T.);
#1182=ORIENTED_EDGE('',*,*,#833,.T.);
#1183=ORIENTED_EDGE('',*,*,#829,.T.);
#1184=ORIENTED_EDGE('',*,*,#838,.F.);
#1185=ORIENTED_EDGE('',*,*,#838,.T.);
#1186=ORIENTED_EDGE('',*,*,#828,.T.);
#1187=ORIENTED_EDGE('',*,*,#825,.T.);
#1188=ORIENTED_EDGE('',*,*,#836,.T.);
#1189=ORIENTED_EDGE('',*,*,#839,.T.);
#1190=ORIENTED_EDGE('',*,*,#840,.F.);
#1191=ORIENTED_EDGE('',*,*,#841,.T.);
#1192=ORIENTED_EDGE('',*,*,#842,.T.);
#1193=ORIENTED_EDGE('',*,*,#843,.T.);
#1194=ORIENTED_EDGE('',*,*,#839,.F.);
#1195=ORIENTED_EDGE('',*,*,#843,.F.);
#1196=ORIENTED_EDGE('',*,*,#844,.T.);
#1197=ORIENTED_EDGE('',*,*,#845,.T.);
#1198=ORIENTED_EDGE('',*,*,#846,.T.);
#1199=ORIENTED_EDGE('',*,*,#847,.T.);
#1200=ORIENTED_EDGE('',*,*,#848,.T.);
#1201=ORIENTED_EDGE('',*,*,#849,.T.);
#1202=ORIENTED_EDGE('',*,*,#850,.T.);
#1203=ORIENTED_EDGE('',*,*,#851,.T.);
#1204=ORIENTED_EDGE('',*,*,#840,.T.);
#1205=ORIENTED_EDGE('',*,*,#851,.F.);
#1206=ORIENTED_EDGE('',*,*,#852,.T.);
#1207=ORIENTED_EDGE('',*,*,#848,.F.);
#1208=ORIENTED_EDGE('',*,*,#853,.T.);
#1209=ORIENTED_EDGE('',*,*,#846,.F.);
#1210=ORIENTED_EDGE('',*,*,#854,.F.);
#1211=ORIENTED_EDGE('',*,*,#847,.F.);
#1212=ORIENTED_EDGE('',*,*,#855,.T.);
#1213=ORIENTED_EDGE('',*,*,#841,.F.);
#1214=ORIENTED_EDGE('',*,*,#853,.F.);
#1215=ORIENTED_EDGE('',*,*,#850,.F.);
#1216=ORIENTED_EDGE('',*,*,#856,.T.);
#1217=ORIENTED_EDGE('',*,*,#844,.F.);
#1218=ORIENTED_EDGE('',*,*,#842,.F.);
#1219=ORIENTED_EDGE('',*,*,#855,.F.);
#1220=ORIENTED_EDGE('',*,*,#852,.F.);
#1221=ORIENTED_EDGE('',*,*,#849,.F.);
#1222=ORIENTED_EDGE('',*,*,#854,.T.);
#1223=ORIENTED_EDGE('',*,*,#845,.F.);
#1224=ORIENTED_EDGE('',*,*,#856,.F.);
#1225=ORIENTED_EDGE('',*,*,#857,.T.);
#1226=ORIENTED_EDGE('',*,*,#858,.F.);
#1227=ORIENTED_EDGE('',*,*,#859,.T.);
#1228=ORIENTED_EDGE('',*,*,#860,.T.);
#1229=ORIENTED_EDGE('',*,*,#861,.T.);
#1230=ORIENTED_EDGE('',*,*,#857,.F.);
#1231=ORIENTED_EDGE('',*,*,#861,.F.);
#1232=ORIENTED_EDGE('',*,*,#862,.T.);
#1233=ORIENTED_EDGE('',*,*,#863,.T.);
#1234=ORIENTED_EDGE('',*,*,#864,.T.);
#1235=ORIENTED_EDGE('',*,*,#865,.T.);
#1236=ORIENTED_EDGE('',*,*,#866,.T.);
#1237=ORIENTED_EDGE('',*,*,#867,.T.);
#1238=ORIENTED_EDGE('',*,*,#868,.T.);
#1239=ORIENTED_EDGE('',*,*,#869,.T.);
#1240=ORIENTED_EDGE('',*,*,#858,.T.);
#1241=ORIENTED_EDGE('',*,*,#869,.F.);
#1242=ORIENTED_EDGE('',*,*,#870,.T.);
#1243=ORIENTED_EDGE('',*,*,#866,.F.);
#1244=ORIENTED_EDGE('',*,*,#871,.T.);
#1245=ORIENTED_EDGE('',*,*,#864,.F.);
#1246=ORIENTED_EDGE('',*,*,#872,.F.);
#1247=ORIENTED_EDGE('',*,*,#865,.F.);
#1248=ORIENTED_EDGE('',*,*,#873,.T.);
#1249=ORIENTED_EDGE('',*,*,#859,.F.);
#1250=ORIENTED_EDGE('',*,*,#871,.F.);
#1251=ORIENTED_EDGE('',*,*,#868,.F.);
#1252=ORIENTED_EDGE('',*,*,#874,.T.);
#1253=ORIENTED_EDGE('',*,*,#862,.F.);
#1254=ORIENTED_EDGE('',*,*,#860,.F.);
#1255=ORIENTED_EDGE('',*,*,#873,.F.);
#1256=ORIENTED_EDGE('',*,*,#870,.F.);
#1257=ORIENTED_EDGE('',*,*,#867,.F.);
#1258=ORIENTED_EDGE('',*,*,#872,.T.);
#1259=ORIENTED_EDGE('',*,*,#863,.F.);
#1260=ORIENTED_EDGE('',*,*,#874,.F.);
#1261=ORIENTED_EDGE('',*,*,#875,.T.);
#1262=ORIENTED_EDGE('',*,*,#876,.F.);
#1263=ORIENTED_EDGE('',*,*,#877,.T.);
#1264=ORIENTED_EDGE('',*,*,#878,.T.);
#1265=ORIENTED_EDGE('',*,*,#879,.T.);
#1266=ORIENTED_EDGE('',*,*,#875,.F.);
#1267=ORIENTED_EDGE('',*,*,#879,.F.);
#1268=ORIENTED_EDGE('',*,*,#880,.T.);
#1269=ORIENTED_EDGE('',*,*,#881,.T.);
#1270=ORIENTED_EDGE('',*,*,#882,.T.);
#1271=ORIENTED_EDGE('',*,*,#883,.T.);
#1272=ORIENTED_EDGE('',*,*,#884,.T.);
#1273=ORIENTED_EDGE('',*,*,#885,.T.);
#1274=ORIENTED_EDGE('',*,*,#886,.T.);
#1275=ORIENTED_EDGE('',*,*,#887,.T.);
#1276=ORIENTED_EDGE('',*,*,#876,.T.);
#1277=ORIENTED_EDGE('',*,*,#887,.F.);
#1278=ORIENTED_EDGE('',*,*,#888,.T.);
#1279=ORIENTED_EDGE('',*,*,#884,.F.);
#1280=ORIENTED_EDGE('',*,*,#889,.T.);
#1281=ORIENTED_EDGE('',*,*,#882,.F.);
#1282=ORIENTED_EDGE('',*,*,#890,.F.);
#1283=ORIENTED_EDGE('',*,*,#883,.F.);
#1284=ORIENTED_EDGE('',*,*,#891,.T.);
#1285=ORIENTED_EDGE('',*,*,#877,.F.);
#1286=ORIENTED_EDGE('',*,*,#889,.F.);
#1287=ORIENTED_EDGE('',*,*,#886,.F.);
#1288=ORIENTED_EDGE('',*,*,#892,.T.);
#1289=ORIENTED_EDGE('',*,*,#880,.F.);
#1290=ORIENTED_EDGE('',*,*,#878,.F.);
#1291=ORIENTED_EDGE('',*,*,#891,.F.);
#1292=ORIENTED_EDGE('',*,*,#888,.F.);
#1293=ORIENTED_EDGE('',*,*,#885,.F.);
#1294=ORIENTED_EDGE('',*,*,#890,.T.);
#1295=ORIENTED_EDGE('',*,*,#881,.F.);
#1296=ORIENTED_EDGE('',*,*,#892,.F.);
#1297=ORIENTED_EDGE('',*,*,#893,.T.);
#1298=ORIENTED_EDGE('',*,*,#894,.F.);
#1299=ORIENTED_EDGE('',*,*,#895,.T.);
#1300=ORIENTED_EDGE('',*,*,#896,.T.);
#1301=ORIENTED_EDGE('',*,*,#897,.T.);
#1302=ORIENTED_EDGE('',*,*,#893,.F.);
#1303=ORIENTED_EDGE('',*,*,#897,.F.);
#1304=ORIENTED_EDGE('',*,*,#898,.T.);
#1305=ORIENTED_EDGE('',*,*,#899,.T.);
#1306=ORIENTED_EDGE('',*,*,#900,.T.);
#1307=ORIENTED_EDGE('',*,*,#901,.T.);
#1308=ORIENTED_EDGE('',*,*,#902,.T.);
#1309=ORIENTED_EDGE('',*,*,#903,.T.);
#1310=ORIENTED_EDGE('',*,*,#904,.T.);
#1311=ORIENTED_EDGE('',*,*,#905,.T.);
#1312=ORIENTED_EDGE('',*,*,#894,.T.);
#1313=ORIENTED_EDGE('',*,*,#905,.F.);
#1314=ORIENTED_EDGE('',*,*,#906,.T.);
#1315=ORIENTED_EDGE('',*,*,#902,.F.);
#1316=ORIENTED_EDGE('',*,*,#907,.T.);
#1317=ORIENTED_EDGE('',*,*,#900,.F.);
#1318=ORIENTED_EDGE('',*,*,#908,.F.);
#1319=ORIENTED_EDGE('',*,*,#901,.F.);
#1320=ORIENTED_EDGE('',*,*,#909,.T.);
#1321=ORIENTED_EDGE('',*,*,#895,.F.);
#1322=ORIENTED_EDGE('',*,*,#907,.F.);
#1323=ORIENTED_EDGE('',*,*,#904,.F.);
#1324=ORIENTED_EDGE('',*,*,#910,.T.);
#1325=ORIENTED_EDGE('',*,*,#898,.F.);
#1326=ORIENTED_EDGE('',*,*,#896,.F.);
#1327=ORIENTED_EDGE('',*,*,#909,.F.);
#1328=ORIENTED_EDGE('',*,*,#906,.F.);
#1329=ORIENTED_EDGE('',*,*,#903,.F.);
#1330=ORIENTED_EDGE('',*,*,#908,.T.);
#1331=ORIENTED_EDGE('',*,*,#899,.F.);
#1332=ORIENTED_EDGE('',*,*,#910,.F.);
#1333=ORIENTED_EDGE('',*,*,#911,.T.);
#1334=ORIENTED_EDGE('',*,*,#912,.F.);
#1335=ORIENTED_EDGE('',*,*,#913,.T.);
#1336=ORIENTED_EDGE('',*,*,#914,.T.);
#1337=ORIENTED_EDGE('',*,*,#915,.T.);
#1338=ORIENTED_EDGE('',*,*,#911,.F.);
#1339=ORIENTED_EDGE('',*,*,#915,.F.);
#1340=ORIENTED_EDGE('',*,*,#916,.T.);
#1341=ORIENTED_EDGE('',*,*,#917,.T.);
#1342=ORIENTED_EDGE('',*,*,#918,.T.);
#1343=ORIENTED_EDGE('',*,*,#919,.T.);
#1344=ORIENTED_EDGE('',*,*,#920,.T.);
#1345=ORIENTED_EDGE('',*,*,#921,.T.);
#1346=ORIENTED_EDGE('',*,*,#922,.T.);
#1347=ORIENTED_EDGE('',*,*,#923,.T.);
#1348=ORIENTED_EDGE('',*,*,#912,.T.);
#1349=ORIENTED_EDGE('',*,*,#923,.F.);
#1350=ORIENTED_EDGE('',*,*,#924,.T.);
#1351=ORIENTED_EDGE('',*,*,#920,.F.);
#1352=ORIENTED_EDGE('',*,*,#925,.T.);
#1353=ORIENTED_EDGE('',*,*,#918,.F.);
#1354=ORIENTED_EDGE('',*,*,#926,.F.);
#1355=ORIENTED_EDGE('',*,*,#919,.F.);
#1356=ORIENTED_EDGE('',*,*,#927,.T.);
#1357=ORIENTED_EDGE('',*,*,#913,.F.);
#1358=ORIENTED_EDGE('',*,*,#925,.F.);
#1359=ORIENTED_EDGE('',*,*,#922,.F.);
#1360=ORIENTED_EDGE('',*,*,#928,.T.);
#1361=ORIENTED_EDGE('',*,*,#916,.F.);
#1362=ORIENTED_EDGE('',*,*,#914,.F.);
#1363=ORIENTED_EDGE('',*,*,#927,.F.);
#1364=ORIENTED_EDGE('',*,*,#924,.F.);
#1365=ORIENTED_EDGE('',*,*,#921,.F.);
#1366=ORIENTED_EDGE('',*,*,#926,.T.);
#1367=ORIENTED_EDGE('',*,*,#917,.F.);
#1368=ORIENTED_EDGE('',*,*,#928,.F.);
#1369=ORIENTED_EDGE('',*,*,#929,.T.);
#1370=ORIENTED_EDGE('',*,*,#930,.F.);
#1371=ORIENTED_EDGE('',*,*,#931,.T.);
#1372=ORIENTED_EDGE('',*,*,#932,.T.);
#1373=ORIENTED_EDGE('',*,*,#933,.T.);
#1374=ORIENTED_EDGE('',*,*,#929,.F.);
#1375=ORIENTED_EDGE('',*,*,#933,.F.);
#1376=ORIENTED_EDGE('',*,*,#934,.T.);
#1377=ORIENTED_EDGE('',*,*,#935,.T.);
#1378=ORIENTED_EDGE('',*,*,#936,.T.);
#1379=ORIENTED_EDGE('',*,*,#937,.T.);
#1380=ORIENTED_EDGE('',*,*,#938,.T.);
#1381=ORIENTED_EDGE('',*,*,#939,.T.);
#1382=ORIENTED_EDGE('',*,*,#940,.T.);
#1383=ORIENTED_EDGE('',*,*,#941,.T.);
#1384=ORIENTED_EDGE('',*,*,#930,.T.);
#1385=ORIENTED_EDGE('',*,*,#941,.F.);
#1386=ORIENTED_EDGE('',*,*,#942,.T.);
#1387=ORIENTED_EDGE('',*,*,#938,.F.);
#1388=ORIENTED_EDGE('',*,*,#943,.T.);
#1389=ORIENTED_EDGE('',*,*,#936,.F.);
#1390=ORIENTED_EDGE('',*,*,#944,.F.);
#1391=ORIENTED_EDGE('',*,*,#937,.F.);
#1392=ORIENTED_EDGE('',*,*,#945,.T.);
#1393=ORIENTED_EDGE('',*,*,#931,.F.);
#1394=ORIENTED_EDGE('',*,*,#943,.F.);
#1395=ORIENTED_EDGE('',*,*,#940,.F.);
#1396=ORIENTED_EDGE('',*,*,#946,.T.);
#1397=ORIENTED_EDGE('',*,*,#934,.F.);
#1398=ORIENTED_EDGE('',*,*,#932,.F.);
#1399=ORIENTED_EDGE('',*,*,#945,.F.);
#1400=ORIENTED_EDGE('',*,*,#942,.F.);
#1401=ORIENTED_EDGE('',*,*,#939,.F.);
#1402=ORIENTED_EDGE('',*,*,#944,.T.);
#1403=ORIENTED_EDGE('',*,*,#935,.F.);
#1404=ORIENTED_EDGE('',*,*,#946,.F.);
#1405=ORIENTED_EDGE('',*,*,#947,.T.);
#1406=ORIENTED_EDGE('',*,*,#948,.F.);
#1407=ORIENTED_EDGE('',*,*,#949,.T.);
#1408=ORIENTED_EDGE('',*,*,#950,.T.);
#1409=ORIENTED_EDGE('',*,*,#951,.T.);
#1410=ORIENTED_EDGE('',*,*,#947,.F.);
#1411=ORIENTED_EDGE('',*,*,#951,.F.);
#1412=ORIENTED_EDGE('',*,*,#952,.T.);
#1413=ORIENTED_EDGE('',*,*,#953,.T.);
#1414=ORIENTED_EDGE('',*,*,#954,.T.);
#1415=ORIENTED_EDGE('',*,*,#955,.T.);
#1416=ORIENTED_EDGE('',*,*,#956,.T.);
#1417=ORIENTED_EDGE('',*,*,#957,.T.);
#1418=ORIENTED_EDGE('',*,*,#958,.T.);
#1419=ORIENTED_EDGE('',*,*,#959,.T.);
#1420=ORIENTED_EDGE('',*,*,#948,.T.);
#1421=ORIENTED_EDGE('',*,*,#959,.F.);
#1422=ORIENTED_EDGE('',*,*,#960,.T.);
#1423=ORIENTED_EDGE('',*,*,#956,.F.);
#1424=ORIENTED_EDGE('',*,*,#961,.T.);
#1425=ORIENTED_EDGE('',*,*,#954,.F.);
#1426=ORIENTED_EDGE('',*,*,#962,.F.);
#1427=ORIENTED_EDGE('',*,*,#955,.F.);
#1428=ORIENTED_EDGE('',*,*,#963,.T.);
#1429=ORIENTED_EDGE('',*,*,#949,.F.);
#1430=ORIENTED_EDGE('',*,*,#961,.F.);
#1431=ORIENTED_EDGE('',*,*,#958,.F.);
#1432=ORIENTED_EDGE('',*,*,#964,.T.);
#1433=ORIENTED_EDGE('',*,*,#952,.F.);
#1434=ORIENTED_EDGE('',*,*,#950,.F.);
#1435=ORIENTED_EDGE('',*,*,#963,.F.);
#1436=ORIENTED_EDGE('',*,*,#960,.F.);
#1437=ORIENTED_EDGE('',*,*,#957,.F.);
#1438=ORIENTED_EDGE('',*,*,#962,.T.);
#1439=ORIENTED_EDGE('',*,*,#953,.F.);
#1440=ORIENTED_EDGE('',*,*,#964,.F.);
#1441=PLANE('',#1622);
#1442=PLANE('',#1625);
#1443=PLANE('',#1630);
#1444=PLANE('',#1633);
#1445=PLANE('',#1640);
#1446=PLANE('',#1643);
#1447=PLANE('',#1648);
#1448=PLANE('',#1651);
#1449=PLANE('',#1658);
#1450=PLANE('',#1661);
#1451=PLANE('',#1666);
#1452=PLANE('',#1669);
#1453=PLANE('',#1676);
#1454=PLANE('',#1679);
#1455=PLANE('',#1684);
#1456=PLANE('',#1687);
#1457=PLANE('',#1694);
#1458=PLANE('',#1697);
#1459=PLANE('',#1702);
#1460=PLANE('',#1705);
#1461=PLANE('',#1712);
#1462=PLANE('',#1715);
#1463=PLANE('',#1720);
#1464=PLANE('',#1723);
#1465=PLANE('',#1730);
#1466=PLANE('',#1733);
#1467=PLANE('',#1738);
#1468=PLANE('',#1741);
#1469=PLANE('',#1748);
#1470=PLANE('',#1765);
#1471=PLANE('',#1766);
#1472=PLANE('',#1767);
#1473=PLANE('',#1768);
#1474=PLANE('',#1769);
#1475=PLANE('',#1786);
#1476=PLANE('',#1787);
#1477=PLANE('',#1788);
#1478=PLANE('',#1789);
#1479=PLANE('',#1790);
#1480=PLANE('',#1807);
#1481=PLANE('',#1808);
#1482=PLANE('',#1809);
#1483=PLANE('',#1810);
#1484=PLANE('',#1811);
#1485=PLANE('',#1828);
#1486=PLANE('',#1829);
#1487=PLANE('',#1830);
#1488=PLANE('',#1831);
#1489=PLANE('',#1832);
#1490=PLANE('',#1849);
#1491=PLANE('',#1850);
#1492=PLANE('',#1851);
#1493=PLANE('',#1852);
#1494=PLANE('',#1853);
#1495=PLANE('',#1870);
#1496=PLANE('',#1871);
#1497=PLANE('',#1872);
#1498=PLANE('',#1873);
#1499=PLANE('',#1874);
#1500=PLANE('',#1891);
#1501=PLANE('',#1892);
#1502=PLANE('',#1893);
#1503=PLANE('',#1894);
#1504=ADVANCED_FACE('',(#76),#1441,.F.);
#1505=ADVANCED_FACE('',(#77),#1442,.F.);
#1506=ADVANCED_FACE('',(#78),#1443,.F.);
#1507=ADVANCED_FACE('',(#79),#1444,.F.);
#1508=ADVANCED_FACE('',(#80),#48,.F.);
#1509=ADVANCED_FACE('',(#81),#49,.T.);
#1510=ADVANCED_FACE('',(#82),#1445,.F.);
#1511=ADVANCED_FACE('',(#83),#1446,.F.);
#1512=ADVANCED_FACE('',(#84),#1447,.F.);
#1513=ADVANCED_FACE('',(#85),#1448,.F.);
#1514=ADVANCED_FACE('',(#86),#50,.F.);
#1515=ADVANCED_FACE('',(#87),#51,.T.);
#1516=ADVANCED_FACE('',(#88),#1449,.F.);
#1517=ADVANCED_FACE('',(#89),#1450,.F.);
#1518=ADVANCED_FACE('',(#90),#1451,.F.);
#1519=ADVANCED_FACE('',(#91),#1452,.F.);
#1520=ADVANCED_FACE('',(#92),#52,.F.);
#1521=ADVANCED_FACE('',(#93),#53,.T.);
#1522=ADVANCED_FACE('',(#94),#1453,.F.);
#1523=ADVANCED_FACE('',(#95),#1454,.F.);
#1524=ADVANCED_FACE('',(#96),#1455,.F.);
#1525=ADVANCED_FACE('',(#97),#1456,.F.);
#1526=ADVANCED_FACE('',(#98),#54,.F.);
#1527=ADVANCED_FACE('',(#99),#55,.T.);
#1528=ADVANCED_FACE('',(#100),#1457,.F.);
#1529=ADVANCED_FACE('',(#101),#1458,.F.);
#1530=ADVANCED_FACE('',(#102),#1459,.F.);
#1531=ADVANCED_FACE('',(#103),#1460,.F.);
#1532=ADVANCED_FACE('',(#104),#56,.F.);
#1533=ADVANCED_FACE('',(#105),#57,.T.);
#1534=ADVANCED_FACE('',(#106),#1461,.F.);
#1535=ADVANCED_FACE('',(#107),#1462,.F.);
#1536=ADVANCED_FACE('',(#108),#1463,.F.);
#1537=ADVANCED_FACE('',(#109),#1464,.F.);
#1538=ADVANCED_FACE('',(#110),#58,.F.);
#1539=ADVANCED_FACE('',(#111),#59,.T.);
#1540=ADVANCED_FACE('',(#112),#1465,.F.);
#1541=ADVANCED_FACE('',(#113),#1466,.F.);
#1542=ADVANCED_FACE('',(#114),#1467,.F.);
#1543=ADVANCED_FACE('',(#115),#1468,.F.);
#1544=ADVANCED_FACE('',(#116),#60,.F.);
#1545=ADVANCED_FACE('',(#117),#61,.T.);
#1546=ADVANCED_FACE('',(#118,#13),#1469,.T.);
#1547=ADVANCED_FACE('',(#119),#62,.T.);
#1548=ADVANCED_FACE('',(#120),#63,.F.);
#1549=ADVANCED_FACE('',(#121),#1470,.F.);
#1550=ADVANCED_FACE('',(#122),#1471,.F.);
#1551=ADVANCED_FACE('',(#123),#1472,.F.);
#1552=ADVANCED_FACE('',(#124),#1473,.F.);
#1553=ADVANCED_FACE('',(#125,#14),#1474,.T.);
#1554=ADVANCED_FACE('',(#126),#64,.T.);
#1555=ADVANCED_FACE('',(#127),#65,.F.);
#1556=ADVANCED_FACE('',(#128),#1475,.F.);
#1557=ADVANCED_FACE('',(#129),#1476,.F.);
#1558=ADVANCED_FACE('',(#130),#1477,.F.);
#1559=ADVANCED_FACE('',(#131),#1478,.F.);
#1560=ADVANCED_FACE('',(#132,#15),#1479,.T.);
#1561=ADVANCED_FACE('',(#133),#66,.T.);
#1562=ADVANCED_FACE('',(#134),#67,.F.);
#1563=ADVANCED_FACE('',(#135),#1480,.F.);
#1564=ADVANCED_FACE('',(#136),#1481,.F.);
#1565=ADVANCED_FACE('',(#137),#1482,.F.);
#1566=ADVANCED_FACE('',(#138),#1483,.F.);
#1567=ADVANCED_FACE('',(#139,#16),#1484,.T.);
#1568=ADVANCED_FACE('',(#140),#68,.T.);
#1569=ADVANCED_FACE('',(#141),#69,.F.);
#1570=ADVANCED_FACE('',(#142),#1485,.F.);
#1571=ADVANCED_FACE('',(#143),#1486,.F.);
#1572=ADVANCED_FACE('',(#144),#1487,.F.);
#1573=ADVANCED_FACE('',(#145),#1488,.F.);
#1574=ADVANCED_FACE('',(#146,#17),#1489,.T.);
#1575=ADVANCED_FACE('',(#147),#70,.T.);
#1576=ADVANCED_FACE('',(#148),#71,.F.);
#1577=ADVANCED_FACE('',(#149),#1490,.F.);
#1578=ADVANCED_FACE('',(#150),#1491,.F.);
#1579=ADVANCED_FACE('',(#151),#1492,.F.);
#1580=ADVANCED_FACE('',(#152),#1493,.F.);
#1581=ADVANCED_FACE('',(#153,#18),#1494,.T.);
#1582=ADVANCED_FACE('',(#154),#72,.T.);
#1583=ADVANCED_FACE('',(#155),#73,.F.);
#1584=ADVANCED_FACE('',(#156),#1495,.F.);
#1585=ADVANCED_FACE('',(#157),#1496,.F.);
#1586=ADVANCED_FACE('',(#158),#1497,.F.);
#1587=ADVANCED_FACE('',(#159),#1498,.F.);
#1588=ADVANCED_FACE('',(#160,#19),#1499,.T.);
#1589=ADVANCED_FACE('',(#161),#74,.T.);
#1590=ADVANCED_FACE('',(#162),#75,.F.);
#1591=ADVANCED_FACE('',(#163),#1500,.F.);
#1592=ADVANCED_FACE('',(#164),#1501,.F.);
#1593=ADVANCED_FACE('',(#165),#1502,.F.);
#1594=ADVANCED_FACE('',(#166),#1503,.F.);
#1595=CLOSED_SHELL('',(#1504,#1505,#1506,#1507,#1508,#1509));
#1596=CLOSED_SHELL('',(#1510,#1511,#1512,#1513,#1514,#1515));
#1597=CLOSED_SHELL('',(#1516,#1517,#1518,#1519,#1520,#1521));
#1598=CLOSED_SHELL('',(#1522,#1523,#1524,#1525,#1526,#1527));
#1599=CLOSED_SHELL('',(#1528,#1529,#1530,#1531,#1532,#1533));
#1600=CLOSED_SHELL('',(#1534,#1535,#1536,#1537,#1538,#1539));
#1601=CLOSED_SHELL('',(#1540,#1541,#1542,#1543,#1544,#1545));
#1602=CLOSED_SHELL('',(#1546,#1547,#1548,#1549,#1550,#1551,#1552));
#1603=CLOSED_SHELL('',(#1553,#1554,#1555,#1556,#1557,#1558,#1559));
#1604=CLOSED_SHELL('',(#1560,#1561,#1562,#1563,#1564,#1565,#1566));
#1605=CLOSED_SHELL('',(#1567,#1568,#1569,#1570,#1571,#1572,#1573));
#1606=CLOSED_SHELL('',(#1574,#1575,#1576,#1577,#1578,#1579,#1580));
#1607=CLOSED_SHELL('',(#1581,#1582,#1583,#1584,#1585,#1586,#1587));
#1608=CLOSED_SHELL('',(#1588,#1589,#1590,#1591,#1592,#1593,#1594));
#1609=DERIVED_UNIT_ELEMENT(#1611,1.);
#1610=DERIVED_UNIT_ELEMENT(#3002,-3.);
#1611=(
MASS_UNIT()
NAMED_UNIT(*)
SI_UNIT(.KILO.,.GRAM.)
);
#1612=DERIVED_UNIT((#1609,#1610));
#1613=MEASURE_REPRESENTATION_ITEM('density measure',
POSITIVE_RATIO_MEASURE(7850.),#1612);
#1614=PROPERTY_DEFINITION_REPRESENTATION(#1619,#1616);
#1615=PROPERTY_DEFINITION_REPRESENTATION(#1620,#1617);
#1616=REPRESENTATION('material name',(#1618),#2999);
#1617=REPRESENTATION('density',(#1613),#2999);
#1618=DESCRIPTIVE_REPRESENTATION_ITEM('Steel','Steel');
#1619=PROPERTY_DEFINITION('material property','material name',#3009);
#1620=PROPERTY_DEFINITION('material property','density of part',#3009);
#1621=AXIS2_PLACEMENT_3D('',#2499,#1895,#1896);
#1622=AXIS2_PLACEMENT_3D('',#2500,#1897,#1898);
#1623=AXIS2_PLACEMENT_3D('',#2503,#1899,#1900);
#1624=AXIS2_PLACEMENT_3D('',#2507,#1902,#1903);
#1625=AXIS2_PLACEMENT_3D('',#2509,#1905,#1906);
#1626=AXIS2_PLACEMENT_3D('',#2511,#1907,#1908);
#1627=AXIS2_PLACEMENT_3D('',#2513,#1909,#1910);
#1628=AXIS2_PLACEMENT_3D('',#2515,#1911,#1912);
#1629=AXIS2_PLACEMENT_3D('',#2518,#1914,#1915);
#1630=AXIS2_PLACEMENT_3D('',#2519,#1916,#1917);
#1631=AXIS2_PLACEMENT_3D('',#2521,#1918,#1919);
#1632=AXIS2_PLACEMENT_3D('',#2523,#1920,#1921);
#1633=AXIS2_PLACEMENT_3D('',#2525,#1923,#1924);
#1634=AXIS2_PLACEMENT_3D('',#2526,#1925,#1926);
#1635=AXIS2_PLACEMENT_3D('',#2527,#1927,#1928);
#1636=AXIS2_PLACEMENT_3D('',#2528,#1929,#1930);
#1637=AXIS2_PLACEMENT_3D('',#2530,#1931,#1932);
#1638=AXIS2_PLACEMENT_3D('',#2531,#1933,#1934);
#1639=AXIS2_PLACEMENT_3D('',#2533,#1935,#1936);
#1640=AXIS2_PLACEMENT_3D('',#2534,#1937,#1938);
#1641=AXIS2_PLACEMENT_3D('',#2537,#1939,#1940);
#1642=AXIS2_PLACEMENT_3D('',#2541,#1942,#1943);
#1643=AXIS2_PLACEMENT_3D('',#2543,#1945,#1946);
#1644=AXIS2_PLACEMENT_3D('',#2545,#1947,#1948);
#1645=AXIS2_PLACEMENT_3D('',#2547,#1949,#1950);
#1646=AXIS2_PLACEMENT_3D('',#2549,#1951,#1952);
#1647=AXIS2_PLACEMENT_3D('',#2552,#1954,#1955);
#1648=AXIS2_PLACEMENT_3D('',#2553,#1956,#1957);
#1649=AXIS2_PLACEMENT_3D('',#2555,#1958,#1959);
#1650=AXIS2_PLACEMENT_3D('',#2557,#1960,#1961);
#1651=AXIS2_PLACEMENT_3D('',#2559,#1963,#1964);
#1652=AXIS2_PLACEMENT_3D('',#2560,#1965,#1966);
#1653=AXIS2_PLACEMENT_3D('',#2561,#1967,#1968);
#1654=AXIS2_PLACEMENT_3D('',#2562,#1969,#1970);
#1655=AXIS2_PLACEMENT_3D('',#2564,#1971,#1972);
#1656=AXIS2_PLACEMENT_3D('',#2565,#1973,#1974);
#1657=AXIS2_PLACEMENT_3D('',#2567,#1975,#1976);
#1658=AXIS2_PLACEMENT_3D('',#2568,#1977,#1978);
#1659=AXIS2_PLACEMENT_3D('',#2571,#1979,#1980);
#1660=AXIS2_PLACEMENT_3D('',#2575,#1982,#1983);
#1661=AXIS2_PLACEMENT_3D('',#2577,#1985,#1986);
#1662=AXIS2_PLACEMENT_3D('',#2579,#1987,#1988);
#1663=AXIS2_PLACEMENT_3D('',#2581,#1989,#1990);
#1664=AXIS2_PLACEMENT_3D('',#2583,#1991,#1992);
#1665=AXIS2_PLACEMENT_3D('',#2586,#1994,#1995);
#1666=AXIS2_PLACEMENT_3D('',#2587,#1996,#1997);
#1667=AXIS2_PLACEMENT_3D('',#2589,#1998,#1999);
#1668=AXIS2_PLACEMENT_3D('',#2591,#2000,#2001);
#1669=AXIS2_PLACEMENT_3D('',#2593,#2003,#2004);
#1670=AXIS2_PLACEMENT_3D('',#2594,#2005,#2006);
#1671=AXIS2_PLACEMENT_3D('',#2595,#2007,#2008);
#1672=AXIS2_PLACEMENT_3D('',#2596,#2009,#2010);
#1673=AXIS2_PLACEMENT_3D('',#2598,#2011,#2012);
#1674=AXIS2_PLACEMENT_3D('',#2599,#2013,#2014);
#1675=AXIS2_PLACEMENT_3D('',#2601,#2015,#2016);
#1676=AXIS2_PLACEMENT_3D('',#2602,#2017,#2018);
#1677=AXIS2_PLACEMENT_3D('',#2605,#2019,#2020);
#1678=AXIS2_PLACEMENT_3D('',#2609,#2022,#2023);
#1679=AXIS2_PLACEMENT_3D('',#2611,#2025,#2026);
#1680=AXIS2_PLACEMENT_3D('',#2613,#2027,#2028);
#1681=AXIS2_PLACEMENT_3D('',#2615,#2029,#2030);
#1682=AXIS2_PLACEMENT_3D('',#2617,#2031,#2032);
#1683=AXIS2_PLACEMENT_3D('',#2620,#2034,#2035);
#1684=AXIS2_PLACEMENT_3D('',#2621,#2036,#2037);
#1685=AXIS2_PLACEMENT_3D('',#2623,#2038,#2039);
#1686=AXIS2_PLACEMENT_3D('',#2625,#2040,#2041);
#1687=AXIS2_PLACEMENT_3D('',#2627,#2043,#2044);
#1688=AXIS2_PLACEMENT_3D('',#2628,#2045,#2046);
#1689=AXIS2_PLACEMENT_3D('',#2629,#2047,#2048);
#1690=AXIS2_PLACEMENT_3D('',#2630,#2049,#2050);
#1691=AXIS2_PLACEMENT_3D('',#2632,#2051,#2052);
#1692=AXIS2_PLACEMENT_3D('',#2633,#2053,#2054);
#1693=AXIS2_PLACEMENT_3D('',#2635,#2055,#2056);
#1694=AXIS2_PLACEMENT_3D('',#2636,#2057,#2058);
#1695=AXIS2_PLACEMENT_3D('',#2639,#2059,#2060);
#1696=AXIS2_PLACEMENT_3D('',#2643,#2062,#2063);
#1697=AXIS2_PLACEMENT_3D('',#2645,#2065,#2066);
#1698=AXIS2_PLACEMENT_3D('',#2647,#2067,#2068);
#1699=AXIS2_PLACEMENT_3D('',#2649,#2069,#2070);
#1700=AXIS2_PLACEMENT_3D('',#2651,#2071,#2072);
#1701=AXIS2_PLACEMENT_3D('',#2654,#2074,#2075);
#1702=AXIS2_PLACEMENT_3D('',#2655,#2076,#2077);
#1703=AXIS2_PLACEMENT_3D('',#2657,#2078,#2079);
#1704=AXIS2_PLACEMENT_3D('',#2659,#2080,#2081);
#1705=AXIS2_PLACEMENT_3D('',#2661,#2083,#2084);
#1706=AXIS2_PLACEMENT_3D('',#2662,#2085,#2086);
#1707=AXIS2_PLACEMENT_3D('',#2663,#2087,#2088);
#1708=AXIS2_PLACEMENT_3D('',#2664,#2089,#2090);
#1709=AXIS2_PLACEMENT_3D('',#2666,#2091,#2092);
#1710=AXIS2_PLACEMENT_3D('',#2667,#2093,#2094);
#1711=AXIS2_PLACEMENT_3D('',#2669,#2095,#2096);
#1712=AXIS2_PLACEMENT_3D('',#2670,#2097,#2098);
#1713=AXIS2_PLACEMENT_3D('',#2673,#2099,#2100);
#1714=AXIS2_PLACEMENT_3D('',#2677,#2102,#2103);
#1715=AXIS2_PLACEMENT_3D('',#2679,#2105,#2106);
#1716=AXIS2_PLACEMENT_3D('',#2681,#2107,#2108);
#1717=AXIS2_PLACEMENT_3D('',#2683,#2109,#2110);
#1718=AXIS2_PLACEMENT_3D('',#2685,#2111,#2112);
#1719=AXIS2_PLACEMENT_3D('',#2688,#2114,#2115);
#1720=AXIS2_PLACEMENT_3D('',#2689,#2116,#2117);
#1721=AXIS2_PLACEMENT_3D('',#2691,#2118,#2119);
#1722=AXIS2_PLACEMENT_3D('',#2693,#2120,#2121);
#1723=AXIS2_PLACEMENT_3D('',#2695,#2123,#2124);
#1724=AXIS2_PLACEMENT_3D('',#2696,#2125,#2126);
#1725=AXIS2_PLACEMENT_3D('',#2697,#2127,#2128);
#1726=AXIS2_PLACEMENT_3D('',#2698,#2129,#2130);
#1727=AXIS2_PLACEMENT_3D('',#2700,#2131,#2132);
#1728=AXIS2_PLACEMENT_3D('',#2701,#2133,#2134);
#1729=AXIS2_PLACEMENT_3D('',#2703,#2135,#2136);
#1730=AXIS2_PLACEMENT_3D('',#2704,#2137,#2138);
#1731=AXIS2_PLACEMENT_3D('',#2707,#2139,#2140);
#1732=AXIS2_PLACEMENT_3D('',#2711,#2142,#2143);
#1733=AXIS2_PLACEMENT_3D('',#2713,#2145,#2146);
#1734=AXIS2_PLACEMENT_3D('',#2715,#2147,#2148);
#1735=AXIS2_PLACEMENT_3D('',#2717,#2149,#2150);
#1736=AXIS2_PLACEMENT_3D('',#2719,#2151,#2152);
#1737=AXIS2_PLACEMENT_3D('',#2722,#2154,#2155);
#1738=AXIS2_PLACEMENT_3D('',#2723,#2156,#2157);
#1739=AXIS2_PLACEMENT_3D('',#2725,#2158,#2159);
#1740=AXIS2_PLACEMENT_3D('',#2727,#2160,#2161);
#1741=AXIS2_PLACEMENT_3D('',#2729,#2163,#2164);
#1742=AXIS2_PLACEMENT_3D('',#2730,#2165,#2166);
#1743=AXIS2_PLACEMENT_3D('',#2731,#2167,#2168);
#1744=AXIS2_PLACEMENT_3D('',#2732,#2169,#2170);
#1745=AXIS2_PLACEMENT_3D('',#2734,#2171,#2172);
#1746=AXIS2_PLACEMENT_3D('',#2735,#2173,#2174);
#1747=AXIS2_PLACEMENT_3D('',#2737,#2175,#2176);
#1748=AXIS2_PLACEMENT_3D('',#2738,#2177,#2178);
#1749=AXIS2_PLACEMENT_3D('',#2740,#2179,#2180);
#1750=AXIS2_PLACEMENT_3D('',#2742,#2181,#2182);
#1751=AXIS2_PLACEMENT_3D('',#2743,#2183,#2184);
#1752=AXIS2_PLACEMENT_3D('',#2746,#2185,#2186);
#1753=AXIS2_PLACEMENT_3D('',#2748,#2187,#2188);
#1754=AXIS2_PLACEMENT_3D('',#2749,#2189,#2190);
#1755=AXIS2_PLACEMENT_3D('',#2751,#2191,#2192);
#1756=AXIS2_PLACEMENT_3D('',#2753,#2193,#2194);
#1757=AXIS2_PLACEMENT_3D('',#2754,#2195,#2196);
#1758=AXIS2_PLACEMENT_3D('',#2755,#2197,#2198);
#1759=AXIS2_PLACEMENT_3D('',#2758,#2199,#2200);
#1760=AXIS2_PLACEMENT_3D('',#2760,#2201,#2202);
#1761=AXIS2_PLACEMENT_3D('',#2762,#2203,#2204);
#1762=AXIS2_PLACEMENT_3D('',#2764,#2205,#2206);
#1763=AXIS2_PLACEMENT_3D('',#2765,#2207,#2208);
#1764=AXIS2_PLACEMENT_3D('',#2766,#2209,#2210);
#1765=AXIS2_PLACEMENT_3D('',#2767,#2211,#2212);
#1766=AXIS2_PLACEMENT_3D('',#2770,#2215,#2216);
#1767=AXIS2_PLACEMENT_3D('',#2772,#2218,#2219);
#1768=AXIS2_PLACEMENT_3D('',#2774,#2221,#2222);
#1769=AXIS2_PLACEMENT_3D('',#2775,#2223,#2224);
#1770=AXIS2_PLACEMENT_3D('',#2777,#2225,#2226);
#1771=AXIS2_PLACEMENT_3D('',#2779,#2227,#2228);
#1772=AXIS2_PLACEMENT_3D('',#2780,#2229,#2230);
#1773=AXIS2_PLACEMENT_3D('',#2783,#2231,#2232);
#1774=AXIS2_PLACEMENT_3D('',#2785,#2233,#2234);
#1775=AXIS2_PLACEMENT_3D('',#2786,#2235,#2236);
#1776=AXIS2_PLACEMENT_3D('',#2788,#2237,#2238);
#1777=AXIS2_PLACEMENT_3D('',#2790,#2239,#2240);
#1778=AXIS2_PLACEMENT_3D('',#2791,#2241,#2242);
#1779=AXIS2_PLACEMENT_3D('',#2792,#2243,#2244);
#1780=AXIS2_PLACEMENT_3D('',#2795,#2245,#2246);
#1781=AXIS2_PLACEMENT_3D('',#2797,#2247,#2248);
#1782=AXIS2_PLACEMENT_3D('',#2799,#2249,#2250);
#1783=AXIS2_PLACEMENT_3D('',#2801,#2251,#2252);
#1784=AXIS2_PLACEMENT_3D('',#2802,#2253,#2254);
#1785=AXIS2_PLACEMENT_3D('',#2803,#2255,#2256);
#1786=AXIS2_PLACEMENT_3D('',#2804,#2257,#2258);
#1787=AXIS2_PLACEMENT_3D('',#2807,#2261,#2262);
#1788=AXIS2_PLACEMENT_3D('',#2809,#2264,#2265);
#1789=AXIS2_PLACEMENT_3D('',#2811,#2267,#2268);
#1790=AXIS2_PLACEMENT_3D('',#2812,#2269,#2270);
#1791=AXIS2_PLACEMENT_3D('',#2814,#2271,#2272);
#1792=AXIS2_PLACEMENT_3D('',#2816,#2273,#2274);
#1793=AXIS2_PLACEMENT_3D('',#2817,#2275,#2276);
#1794=AXIS2_PLACEMENT_3D('',#2820,#2277,#2278);
#1795=AXIS2_PLACEMENT_3D('',#2822,#2279,#2280);
#1796=AXIS2_PLACEMENT_3D('',#2823,#2281,#2282);
#1797=AXIS2_PLACEMENT_3D('',#2825,#2283,#2284);
#1798=AXIS2_PLACEMENT_3D('',#2827,#2285,#2286);
#1799=AXIS2_PLACEMENT_3D('',#2828,#2287,#2288);
#1800=AXIS2_PLACEMENT_3D('',#2829,#2289,#2290);
#1801=AXIS2_PLACEMENT_3D('',#2832,#2291,#2292);
#1802=AXIS2_PLACEMENT_3D('',#2834,#2293,#2294);
#1803=AXIS2_PLACEMENT_3D('',#2836,#2295,#2296);
#1804=AXIS2_PLACEMENT_3D('',#2838,#2297,#2298);
#1805=AXIS2_PLACEMENT_3D('',#2839,#2299,#2300);
#1806=AXIS2_PLACEMENT_3D('',#2840,#2301,#2302);
#1807=AXIS2_PLACEMENT_3D('',#2841,#2303,#2304);
#1808=AXIS2_PLACEMENT_3D('',#2844,#2307,#2308);
#1809=AXIS2_PLACEMENT_3D('',#2846,#2310,#2311);
#1810=AXIS2_PLACEMENT_3D('',#2848,#2313,#2314);
#1811=AXIS2_PLACEMENT_3D('',#2849,#2315,#2316);
#1812=AXIS2_PLACEMENT_3D('',#2851,#2317,#2318);
#1813=AXIS2_PLACEMENT_3D('',#2853,#2319,#2320);
#1814=AXIS2_PLACEMENT_3D('',#2854,#2321,#2322);
#1815=AXIS2_PLACEMENT_3D('',#2857,#2323,#2324);
#1816=AXIS2_PLACEMENT_3D('',#2859,#2325,#2326);
#1817=AXIS2_PLACEMENT_3D('',#2860,#2327,#2328);
#1818=AXIS2_PLACEMENT_3D('',#2862,#2329,#2330);
#1819=AXIS2_PLACEMENT_3D('',#2864,#2331,#2332);
#1820=AXIS2_PLACEMENT_3D('',#2865,#2333,#2334);
#1821=AXIS2_PLACEMENT_3D('',#2866,#2335,#2336);
#1822=AXIS2_PLACEMENT_3D('',#2869,#2337,#2338);
#1823=AXIS2_PLACEMENT_3D('',#2871,#2339,#2340);
#1824=AXIS2_PLACEMENT_3D('',#2873,#2341,#2342);
#1825=AXIS2_PLACEMENT_3D('',#2875,#2343,#2344);
#1826=AXIS2_PLACEMENT_3D('',#2876,#2345,#2346);
#1827=AXIS2_PLACEMENT_3D('',#2877,#2347,#2348);
#1828=AXIS2_PLACEMENT_3D('',#2878,#2349,#2350);
#1829=AXIS2_PLACEMENT_3D('',#2881,#2353,#2354);
#1830=AXIS2_PLACEMENT_3D('',#2883,#2356,#2357);
#1831=AXIS2_PLACEMENT_3D('',#2885,#2359,#2360);
#1832=AXIS2_PLACEMENT_3D('',#2886,#2361,#2362);
#1833=AXIS2_PLACEMENT_3D('',#2888,#2363,#2364);
#1834=AXIS2_PLACEMENT_3D('',#2890,#2365,#2366);
#1835=AXIS2_PLACEMENT_3D('',#2891,#2367,#2368);
#1836=AXIS2_PLACEMENT_3D('',#2894,#2369,#2370);
#1837=AXIS2_PLACEMENT_3D('',#2896,#2371,#2372);
#1838=AXIS2_PLACEMENT_3D('',#2897,#2373,#2374);
#1839=AXIS2_PLACEMENT_3D('',#2899,#2375,#2376);
#1840=AXIS2_PLACEMENT_3D('',#2901,#2377,#2378);
#1841=AXIS2_PLACEMENT_3D('',#2902,#2379,#2380);
#1842=AXIS2_PLACEMENT_3D('',#2903,#2381,#2382);
#1843=AXIS2_PLACEMENT_3D('',#2906,#2383,#2384);
#1844=AXIS2_PLACEMENT_3D('',#2908,#2385,#2386);
#1845=AXIS2_PLACEMENT_3D('',#2910,#2387,#2388);
#1846=AXIS2_PLACEMENT_3D('',#2912,#2389,#2390);
#1847=AXIS2_PLACEMENT_3D('',#2913,#2391,#2392);
#1848=AXIS2_PLACEMENT_3D('',#2914,#2393,#2394);
#1849=AXIS2_PLACEMENT_3D('',#2915,#2395,#2396);
#1850=AXIS2_PLACEMENT_3D('',#2918,#2399,#2400);
#1851=AXIS2_PLACEMENT_3D('',#2920,#2402,#2403);
#1852=AXIS2_PLACEMENT_3D('',#2922,#2405,#2406);
#1853=AXIS2_PLACEMENT_3D('',#2923,#2407,#2408);
#1854=AXIS2_PLACEMENT_3D('',#2925,#2409,#2410);
#1855=AXIS2_PLACEMENT_3D('',#2927,#2411,#2412);
#1856=AXIS2_PLACEMENT_3D('',#2928,#2413,#2414);
#1857=AXIS2_PLACEMENT_3D('',#2931,#2415,#2416);
#1858=AXIS2_PLACEMENT_3D('',#2933,#2417,#2418);
#1859=AXIS2_PLACEMENT_3D('',#2934,#2419,#2420);
#1860=AXIS2_PLACEMENT_3D('',#2936,#2421,#2422);
#1861=AXIS2_PLACEMENT_3D('',#2938,#2423,#2424);
#1862=AXIS2_PLACEMENT_3D('',#2939,#2425,#2426);
#1863=AXIS2_PLACEMENT_3D('',#2940,#2427,#2428);
#1864=AXIS2_PLACEMENT_3D('',#2943,#2429,#2430);
#1865=AXIS2_PLACEMENT_3D('',#2945,#2431,#2432);
#1866=AXIS2_PLACEMENT_3D('',#2947,#2433,#2434);
#1867=AXIS2_PLACEMENT_3D('',#2949,#2435,#2436);
#1868=AXIS2_PLACEMENT_3D('',#2950,#2437,#2438);
#1869=AXIS2_PLACEMENT_3D('',#2951,#2439,#2440);
#1870=AXIS2_PLACEMENT_3D('',#2952,#2441,#2442);
#1871=AXIS2_PLACEMENT_3D('',#2955,#2445,#2446);
#1872=AXIS2_PLACEMENT_3D('',#2957,#2448,#2449);
#1873=AXIS2_PLACEMENT_3D('',#2959,#2451,#2452);
#1874=AXIS2_PLACEMENT_3D('',#2960,#2453,#2454);
#1875=AXIS2_PLACEMENT_3D('',#2962,#2455,#2456);
#1876=AXIS2_PLACEMENT_3D('',#2964,#2457,#2458);
#1877=AXIS2_PLACEMENT_3D('',#2965,#2459,#2460);
#1878=AXIS2_PLACEMENT_3D('',#2968,#2461,#2462);
#1879=AXIS2_PLACEMENT_3D('',#2970,#2463,#2464);
#1880=AXIS2_PLACEMENT_3D('',#2971,#2465,#2466);
#1881=AXIS2_PLACEMENT_3D('',#2973,#2467,#2468);
#1882=AXIS2_PLACEMENT_3D('',#2975,#2469,#2470);
#1883=AXIS2_PLACEMENT_3D('',#2976,#2471,#2472);
#1884=AXIS2_PLACEMENT_3D('',#2977,#2473,#2474);
#1885=AXIS2_PLACEMENT_3D('',#2980,#2475,#2476);
#1886=AXIS2_PLACEMENT_3D('',#2982,#2477,#2478);
#1887=AXIS2_PLACEMENT_3D('',#2984,#2479,#2480);
#1888=AXIS2_PLACEMENT_3D('',#2986,#2481,#2482);
#1889=AXIS2_PLACEMENT_3D('',#2987,#2483,#2484);
#1890=AXIS2_PLACEMENT_3D('',#2988,#2485,#2486);
#1891=AXIS2_PLACEMENT_3D('',#2989,#2487,#2488);
#1892=AXIS2_PLACEMENT_3D('',#2992,#2491,#2492);
#1893=AXIS2_PLACEMENT_3D('',#2994,#2494,#2495);
#1894=AXIS2_PLACEMENT_3D('',#2996,#2497,#2498);
#1895=DIRECTION('axis',(0.,0.,1.));
#1896=DIRECTION('refdir',(1.,0.,0.));
#1897=DIRECTION('center_axis',(-1.,0.,-1.12186518053617E-16));
#1898=DIRECTION('ref_axis',(-1.12186518053617E-16,0.,1.));
#1899=DIRECTION('center_axis',(1.,0.,1.12186518053617E-16));
#1900=DIRECTION('ref_axis',(1.12186518053617E-16,0.,-1.));
#1901=DIRECTION('',(0.,1.,0.));
#1902=DIRECTION('center_axis',(-1.,0.,-1.12186518053617E-16));
#1903=DIRECTION('ref_axis',(1.12186518053617E-16,0.,-1.));
#1904=DIRECTION('',(0.,1.,0.));
#1905=DIRECTION('center_axis',(0.,0.,-1.));
#1906=DIRECTION('ref_axis',(-1.,0.,0.));
#1907=DIRECTION('center_axis',(0.,0.,1.));
#1908=DIRECTION('ref_axis',(0.,-1.,0.));
#1909=DIRECTION('center_axis',(0.,0.,-1.));
#1910=DIRECTION('ref_axis',(0.,-1.,0.));
#1911=DIRECTION('center_axis',(0.,0.,-1.));
#1912=DIRECTION('ref_axis',(0.,-1.,0.));
#1913=DIRECTION('',(0.,1.,0.));
#1914=DIRECTION('center_axis',(0.,0.,1.));
#1915=DIRECTION('ref_axis',(0.,-1.,0.));
#1916=DIRECTION('center_axis',(1.,0.,0.));
#1917=DIRECTION('ref_axis',(0.,0.,-1.));
#1918=DIRECTION('center_axis',(-1.,0.,0.));
#1919=DIRECTION('ref_axis',(0.,0.,1.));
#1920=DIRECTION('center_axis',(1.,0.,0.));
#1921=DIRECTION('ref_axis',(0.,0.,1.));
#1922=DIRECTION('',(0.,1.,0.));
#1923=DIRECTION('center_axis',(-9.03174732966297E-17,0.,1.));
#1924=DIRECTION('ref_axis',(1.,0.,9.03174732966297E-17));
#1925=DIRECTION('center_axis',(9.03174732966297E-17,0.,-1.));
#1926=DIRECTION('ref_axis',(0.,1.,0.));
#1927=DIRECTION('center_axis',(-9.03174732966297E-17,0.,1.));
#1928=DIRECTION('ref_axis',(0.,1.,0.));
#1929=DIRECTION('center_axis',(0.,1.,-6.12323399573677E-17));
#1930=DIRECTION('ref_axis',(0.,0.,-1.));
#1931=DIRECTION('center_axis',(1.,0.,-1.22464679914735E-16));
#1932=DIRECTION('ref_axis',(1.22464679914735E-16,0.,1.));
#1933=DIRECTION('center_axis',(0.,1.,-6.12323399573677E-17));
#1934=DIRECTION('ref_axis',(0.,0.,-1.));
#1935=DIRECTION('center_axis',(1.,0.,-1.22464679914735E-16));
#1936=DIRECTION('ref_axis',(1.22464679914735E-16,0.,1.));
#1937=DIRECTION('center_axis',(-1.,0.,-1.12186518053617E-16));
#1938=DIRECTION('ref_axis',(-1.12186518053617E-16,0.,1.));
#1939=DIRECTION('center_axis',(1.,0.,1.12186518053617E-16));
#1940=DIRECTION('ref_axis',(1.12186518053617E-16,0.,-1.));
#1941=DIRECTION('',(0.,1.,0.));
#1942=DIRECTION('center_axis',(-1.,0.,-1.12186518053617E-16));
#1943=DIRECTION('ref_axis',(1.12186518053617E-16,0.,-1.));
#1944=DIRECTION('',(0.,1.,0.));
#1945=DIRECTION('center_axis',(0.,0.,-1.));
#1946=DIRECTION('ref_axis',(-1.,0.,0.));
#1947=DIRECTION('center_axis',(0.,0.,1.));
#1948=DIRECTION('ref_axis',(0.,-1.,0.));
#1949=DIRECTION('center_axis',(0.,0.,-1.));
#1950=DIRECTION('ref_axis',(0.,-1.,0.));
#1951=DIRECTION('center_axis',(0.,0.,-1.));
#1952=DIRECTION('ref_axis',(0.,-1.,0.));
#1953=DIRECTION('',(0.,1.,0.));
#1954=DIRECTION('center_axis',(0.,0.,1.));
#1955=DIRECTION('ref_axis',(0.,-1.,0.));
#1956=DIRECTION('center_axis',(1.,0.,0.));
#1957=DIRECTION('ref_axis',(0.,0.,-1.));
#1958=DIRECTION('center_axis',(-1.,0.,0.));
#1959=DIRECTION('ref_axis',(0.,0.,1.));
#1960=DIRECTION('center_axis',(1.,0.,0.));
#1961=DIRECTION('ref_axis',(0.,0.,1.));
#1962=DIRECTION('',(0.,1.,0.));
#1963=DIRECTION('center_axis',(-9.03174732966297E-17,0.,1.));
#1964=DIRECTION('ref_axis',(1.,0.,9.03174732966297E-17));
#1965=DIRECTION('center_axis',(9.03174732966297E-17,0.,-1.));
#1966=DIRECTION('ref_axis',(0.,1.,0.));
#1967=DIRECTION('center_axis',(-9.03174732966297E-17,0.,1.));
#1968=DIRECTION('ref_axis',(0.,1.,0.));
#1969=DIRECTION('center_axis',(0.,1.,-6.12323399573677E-17));
#1970=DIRECTION('ref_axis',(0.,0.,-1.));
#1971=DIRECTION('center_axis',(1.,0.,-1.22464679914735E-16));
#1972=DIRECTION('ref_axis',(1.22464679914735E-16,0.,1.));
#1973=DIRECTION('center_axis',(0.,1.,-6.12323399573677E-17));
#1974=DIRECTION('ref_axis',(0.,0.,-1.));
#1975=DIRECTION('center_axis',(1.,0.,-1.22464679914735E-16));
#1976=DIRECTION('ref_axis',(1.22464679914735E-16,0.,1.));
#1977=DIRECTION('center_axis',(-1.,0.,-1.12186518053617E-16));
#1978=DIRECTION('ref_axis',(-1.12186518053617E-16,0.,1.));
#1979=DIRECTION('center_axis',(1.,0.,1.12186518053617E-16));
#1980=DIRECTION('ref_axis',(1.12186518053617E-16,0.,-1.));
#1981=DIRECTION('',(0.,1.,0.));
#1982=DIRECTION('center_axis',(-1.,0.,-1.12186518053617E-16));
#1983=DIRECTION('ref_axis',(1.12186518053617E-16,0.,-1.));
#1984=DIRECTION('',(0.,1.,0.));
#1985=DIRECTION('center_axis',(0.,0.,-1.));
#1986=DIRECTION('ref_axis',(-1.,0.,0.));
#1987=DIRECTION('center_axis',(0.,0.,1.));
#1988=DIRECTION('ref_axis',(0.,-1.,0.));
#1989=DIRECTION('center_axis',(0.,0.,-1.));
#1990=DIRECTION('ref_axis',(0.,-1.,0.));
#1991=DIRECTION('center_axis',(0.,0.,-1.));
#1992=DIRECTION('ref_axis',(0.,-1.,0.));
#1993=DIRECTION('',(0.,1.,0.));
#1994=DIRECTION('center_axis',(0.,0.,1.));
#1995=DIRECTION('ref_axis',(0.,-1.,0.));
#1996=DIRECTION('center_axis',(1.,0.,0.));
#1997=DIRECTION('ref_axis',(0.,0.,-1.));
#1998=DIRECTION('center_axis',(-1.,0.,0.));
#1999=DIRECTION('ref_axis',(0.,0.,1.));
#2000=DIRECTION('center_axis',(1.,0.,0.));
#2001=DIRECTION('ref_axis',(0.,0.,1.));
#2002=DIRECTION('',(0.,1.,0.));
#2003=DIRECTION('center_axis',(-9.03174732966297E-17,0.,1.));
#2004=DIRECTION('ref_axis',(1.,0.,9.03174732966297E-17));
#2005=DIRECTION('center_axis',(9.03174732966297E-17,0.,-1.));
#2006=DIRECTION('ref_axis',(0.,1.,0.));
#2007=DIRECTION('center_axis',(-9.03174732966297E-17,0.,1.));
#2008=DIRECTION('ref_axis',(0.,1.,0.));
#2009=DIRECTION('center_axis',(0.,1.,-6.12323399573677E-17));
#2010=DIRECTION('ref_axis',(0.,0.,-1.));
#2011=DIRECTION('center_axis',(1.,0.,-1.22464679914735E-16));
#2012=DIRECTION('ref_axis',(1.22464679914735E-16,0.,1.));
#2013=DIRECTION('center_axis',(0.,1.,-6.12323399573677E-17));
#2014=DIRECTION('ref_axis',(0.,0.,-1.));
#2015=DIRECTION('center_axis',(1.,0.,-1.22464679914735E-16));
#2016=DIRECTION('ref_axis',(1.22464679914735E-16,0.,1.));
#2017=DIRECTION('center_axis',(-1.,0.,-1.12186518053617E-16));
#2018=DIRECTION('ref_axis',(-1.12186518053617E-16,0.,1.));
#2019=DIRECTION('center_axis',(1.,0.,1.12186518053617E-16));
#2020=DIRECTION('ref_axis',(1.12186518053617E-16,0.,-1.));
#2021=DIRECTION('',(0.,1.,0.));
#2022=DIRECTION('center_axis',(-1.,0.,-1.12186518053617E-16));
#2023=DIRECTION('ref_axis',(1.12186518053617E-16,0.,-1.));
#2024=DIRECTION('',(0.,1.,0.));
#2025=DIRECTION('center_axis',(0.,0.,-1.));
#2026=DIRECTION('ref_axis',(-1.,0.,0.));
#2027=DIRECTION('center_axis',(0.,0.,1.));
#2028=DIRECTION('ref_axis',(0.,-1.,0.));
#2029=DIRECTION('center_axis',(0.,0.,-1.));
#2030=DIRECTION('ref_axis',(0.,-1.,0.));
#2031=DIRECTION('center_axis',(0.,0.,-1.));
#2032=DIRECTION('ref_axis',(0.,-1.,0.));
#2033=DIRECTION('',(0.,1.,0.));
#2034=DIRECTION('center_axis',(0.,0.,1.));
#2035=DIRECTION('ref_axis',(0.,-1.,0.));
#2036=DIRECTION('center_axis',(1.,0.,0.));
#2037=DIRECTION('ref_axis',(0.,0.,-1.));
#2038=DIRECTION('center_axis',(-1.,0.,0.));
#2039=DIRECTION('ref_axis',(0.,0.,1.));
#2040=DIRECTION('center_axis',(1.,0.,0.));
#2041=DIRECTION('ref_axis',(0.,0.,1.));
#2042=DIRECTION('',(0.,1.,0.));
#2043=DIRECTION('center_axis',(-9.03174732966297E-17,0.,1.));
#2044=DIRECTION('ref_axis',(1.,0.,9.03174732966297E-17));
#2045=DIRECTION('center_axis',(9.03174732966297E-17,0.,-1.));
#2046=DIRECTION('ref_axis',(0.,1.,0.));
#2047=DIRECTION('center_axis',(-9.03174732966297E-17,0.,1.));
#2048=DIRECTION('ref_axis',(0.,1.,0.));
#2049=DIRECTION('center_axis',(0.,1.,-6.12323399573677E-17));
#2050=DIRECTION('ref_axis',(0.,0.,-1.));
#2051=DIRECTION('center_axis',(1.,0.,-1.22464679914735E-16));
#2052=DIRECTION('ref_axis',(1.22464679914735E-16,0.,1.));
#2053=DIRECTION('center_axis',(0.,1.,-6.12323399573677E-17));
#2054=DIRECTION('ref_axis',(0.,0.,-1.));
#2055=DIRECTION('center_axis',(1.,0.,-1.22464679914735E-16));
#2056=DIRECTION('ref_axis',(1.22464679914735E-16,0.,1.));
#2057=DIRECTION('center_axis',(-1.,0.,-1.12186518053617E-16));
#2058=DIRECTION('ref_axis',(-1.12186518053617E-16,0.,1.));
#2059=DIRECTION('center_axis',(1.,0.,1.12186518053617E-16));
#2060=DIRECTION('ref_axis',(1.12186518053617E-16,0.,-1.));
#2061=DIRECTION('',(0.,1.,0.));
#2062=DIRECTION('center_axis',(-1.,0.,-1.12186518053617E-16));
#2063=DIRECTION('ref_axis',(1.12186518053617E-16,0.,-1.));
#2064=DIRECTION('',(0.,1.,0.));
#2065=DIRECTION('center_axis',(0.,0.,-1.));
#2066=DIRECTION('ref_axis',(-1.,0.,0.));
#2067=DIRECTION('center_axis',(0.,0.,1.));
#2068=DIRECTION('ref_axis',(0.,-1.,0.));
#2069=DIRECTION('center_axis',(0.,0.,-1.));
#2070=DIRECTION('ref_axis',(0.,-1.,0.));
#2071=DIRECTION('center_axis',(0.,0.,-1.));
#2072=DIRECTION('ref_axis',(0.,-1.,0.));
#2073=DIRECTION('',(0.,1.,0.));
#2074=DIRECTION('center_axis',(0.,0.,1.));
#2075=DIRECTION('ref_axis',(0.,-1.,0.));
#2076=DIRECTION('center_axis',(1.,0.,0.));
#2077=DIRECTION('ref_axis',(0.,0.,-1.));
#2078=DIRECTION('center_axis',(-1.,0.,0.));
#2079=DIRECTION('ref_axis',(0.,0.,1.));
#2080=DIRECTION('center_axis',(1.,0.,0.));
#2081=DIRECTION('ref_axis',(0.,0.,1.));
#2082=DIRECTION('',(0.,1.,0.));
#2083=DIRECTION('center_axis',(-9.03174732966297E-17,0.,1.));
#2084=DIRECTION('ref_axis',(1.,0.,9.03174732966297E-17));
#2085=DIRECTION('center_axis',(9.03174732966297E-17,0.,-1.));
#2086=DIRECTION('ref_axis',(0.,1.,0.));
#2087=DIRECTION('center_axis',(-9.03174732966297E-17,0.,1.));
#2088=DIRECTION('ref_axis',(0.,1.,0.));
#2089=DIRECTION('center_axis',(0.,1.,-6.12323399573677E-17));
#2090=DIRECTION('ref_axis',(0.,0.,-1.));
#2091=DIRECTION('center_axis',(1.,0.,-1.22464679914735E-16));
#2092=DIRECTION('ref_axis',(1.22464679914735E-16,0.,1.));
#2093=DIRECTION('center_axis',(0.,1.,-6.12323399573677E-17));
#2094=DIRECTION('ref_axis',(0.,0.,-1.));
#2095=DIRECTION('center_axis',(1.,0.,-1.22464679914735E-16));
#2096=DIRECTION('ref_axis',(1.22464679914735E-16,0.,1.));
#2097=DIRECTION('center_axis',(-1.,0.,-1.12186518053617E-16));
#2098=DIRECTION('ref_axis',(-1.12186518053617E-16,0.,1.));
#2099=DIRECTION('center_axis',(1.,0.,1.12186518053617E-16));
#2100=DIRECTION('ref_axis',(1.12186518053617E-16,0.,-1.));
#2101=DIRECTION('',(0.,1.,0.));
#2102=DIRECTION('center_axis',(-1.,0.,-1.12186518053617E-16));
#2103=DIRECTION('ref_axis',(1.12186518053617E-16,0.,-1.));
#2104=DIRECTION('',(0.,1.,0.));
#2105=DIRECTION('center_axis',(0.,0.,-1.));
#2106=DIRECTION('ref_axis',(-1.,0.,0.));
#2107=DIRECTION('center_axis',(0.,0.,1.));
#2108=DIRECTION('ref_axis',(0.,-1.,0.));
#2109=DIRECTION('center_axis',(0.,0.,-1.));
#2110=DIRECTION('ref_axis',(0.,-1.,0.));
#2111=DIRECTION('center_axis',(0.,0.,-1.));
#2112=DIRECTION('ref_axis',(0.,-1.,0.));
#2113=DIRECTION('',(0.,1.,0.));
#2114=DIRECTION('center_axis',(0.,0.,1.));
#2115=DIRECTION('ref_axis',(0.,-1.,0.));
#2116=DIRECTION('center_axis',(1.,0.,0.));
#2117=DIRECTION('ref_axis',(0.,0.,-1.));
#2118=DIRECTION('center_axis',(-1.,0.,0.));
#2119=DIRECTION('ref_axis',(0.,0.,1.));
#2120=DIRECTION('center_axis',(1.,0.,0.));
#2121=DIRECTION('ref_axis',(0.,0.,1.));
#2122=DIRECTION('',(0.,1.,0.));
#2123=DIRECTION('center_axis',(-9.03174732966297E-17,0.,1.));
#2124=DIRECTION('ref_axis',(1.,0.,9.03174732966297E-17));
#2125=DIRECTION('center_axis',(9.03174732966297E-17,0.,-1.));
#2126=DIRECTION('ref_axis',(0.,1.,0.));
#2127=DIRECTION('center_axis',(-9.03174732966297E-17,0.,1.));
#2128=DIRECTION('ref_axis',(0.,1.,0.));
#2129=DIRECTION('center_axis',(0.,1.,-6.12323399573677E-17));
#2130=DIRECTION('ref_axis',(0.,0.,-1.));
#2131=DIRECTION('center_axis',(1.,0.,-1.22464679914735E-16));
#2132=DIRECTION('ref_axis',(1.22464679914735E-16,0.,1.));
#2133=DIRECTION('center_axis',(0.,1.,-6.12323399573677E-17));
#2134=DIRECTION('ref_axis',(0.,0.,-1.));
#2135=DIRECTION('center_axis',(1.,0.,-1.22464679914735E-16));
#2136=DIRECTION('ref_axis',(1.22464679914735E-16,0.,1.));
#2137=DIRECTION('center_axis',(-1.,0.,-1.12186518053617E-16));
#2138=DIRECTION('ref_axis',(-1.12186518053617E-16,0.,1.));
#2139=DIRECTION('center_axis',(1.,0.,1.12186518053617E-16));
#2140=DIRECTION('ref_axis',(1.12186518053617E-16,0.,-1.));
#2141=DIRECTION('',(0.,1.,0.));
#2142=DIRECTION('center_axis',(-1.,0.,-1.12186518053617E-16));
#2143=DIRECTION('ref_axis',(1.12186518053617E-16,0.,-1.));
#2144=DIRECTION('',(0.,1.,0.));
#2145=DIRECTION('center_axis',(0.,0.,-1.));
#2146=DIRECTION('ref_axis',(-1.,0.,0.));
#2147=DIRECTION('center_axis',(0.,0.,1.));
#2148=DIRECTION('ref_axis',(0.,-1.,0.));
#2149=DIRECTION('center_axis',(0.,0.,-1.));
#2150=DIRECTION('ref_axis',(0.,-1.,0.));
#2151=DIRECTION('center_axis',(0.,0.,-1.));
#2152=DIRECTION('ref_axis',(0.,-1.,0.));
#2153=DIRECTION('',(0.,1.,0.));
#2154=DIRECTION('center_axis',(0.,0.,1.));
#2155=DIRECTION('ref_axis',(0.,-1.,0.));
#2156=DIRECTION('center_axis',(1.,0.,0.));
#2157=DIRECTION('ref_axis',(0.,0.,-1.));
#2158=DIRECTION('center_axis',(-1.,0.,0.));
#2159=DIRECTION('ref_axis',(0.,0.,1.));
#2160=DIRECTION('center_axis',(1.,0.,0.));
#2161=DIRECTION('ref_axis',(0.,0.,1.));
#2162=DIRECTION('',(0.,1.,0.));
#2163=DIRECTION('center_axis',(-9.03174732966297E-17,0.,1.));
#2164=DIRECTION('ref_axis',(1.,0.,9.03174732966297E-17));
#2165=DIRECTION('center_axis',(9.03174732966297E-17,0.,-1.));
#2166=DIRECTION('ref_axis',(0.,1.,0.));
#2167=DIRECTION('center_axis',(-9.03174732966297E-17,0.,1.));
#2168=DIRECTION('ref_axis',(0.,1.,0.));
#2169=DIRECTION('center_axis',(0.,1.,-6.12323399573677E-17));
#2170=DIRECTION('ref_axis',(0.,0.,-1.));
#2171=DIRECTION('center_axis',(1.,0.,-1.22464679914735E-16));
#2172=DIRECTION('ref_axis',(1.22464679914735E-16,0.,1.));
#2173=DIRECTION('center_axis',(0.,1.,-6.12323399573677E-17));
#2174=DIRECTION('ref_axis',(0.,0.,-1.));
#2175=DIRECTION('center_axis',(1.,0.,-1.22464679914735E-16));
#2176=DIRECTION('ref_axis',(1.22464679914735E-16,0.,1.));
#2177=DIRECTION('center_axis',(0.,-1.,0.));
#2178=DIRECTION('ref_axis',(0.,0.,-1.));
#2179=DIRECTION('center_axis',(0.,-1.,0.));
#2180=DIRECTION('ref_axis',(1.,0.,0.));
#2181=DIRECTION('center_axis',(0.,-1.,0.));
#2182=DIRECTION('ref_axis',(1.,0.,0.));
#2183=DIRECTION('center_axis',(0.,1.,-6.12323399573677E-17));
#2184=DIRECTION('ref_axis',(0.,0.,-1.));
#2185=DIRECTION('center_axis',(1.,0.,0.));
#2186=DIRECTION('ref_axis',(0.,0.,1.));
#2187=DIRECTION('center_axis',(0.,0.,1.));
#2188=DIRECTION('ref_axis',(0.,1.,0.));
#2189=DIRECTION('center_axis',(1.,0.,-1.22464679914735E-16));
#2190=DIRECTION('ref_axis',(1.22464679914735E-16,0.,1.));
#2191=DIRECTION('center_axis',(0.,0.,1.));
#2192=DIRECTION('ref_axis',(0.,1.,0.));
#2193=DIRECTION('center_axis',(-1.,0.,1.12186234646978E-16));
#2194=DIRECTION('ref_axis',(-1.12186234646978E-16,0.,-1.));
#2195=DIRECTION('center_axis',(0.,0.,-1.));
#2196=DIRECTION('ref_axis',(0.,-1.,0.));
#2197=DIRECTION('center_axis',(0.,1.,-6.12323399573677E-17));
#2198=DIRECTION('ref_axis',(0.,0.,-1.));
#2199=DIRECTION('center_axis',(-1.,0.,0.));
#2200=DIRECTION('ref_axis',(0.,0.,1.));
#2201=DIRECTION('center_axis',(0.,0.,1.));
#2202=DIRECTION('ref_axis',(0.,-1.,0.));
#2203=DIRECTION('center_axis',(1.,0.,-1.12186234646978E-16));
#2204=DIRECTION('ref_axis',(-1.12186234646978E-16,0.,-1.));
#2205=DIRECTION('center_axis',(0.,0.,-1.));
#2206=DIRECTION('ref_axis',(0.,1.,0.));
#2207=DIRECTION('center_axis',(1.,0.,-1.22464679914735E-16));
#2208=DIRECTION('ref_axis',(1.22464679914735E-16,0.,1.));
#2209=DIRECTION('center_axis',(0.,0.,-1.));
#2210=DIRECTION('ref_axis',(0.,1.,0.));
#2211=DIRECTION('center_axis',(0.,0.,-1.));
#2212=DIRECTION('ref_axis',(-1.,0.,0.));
#2213=DIRECTION('',(0.,1.,0.));
#2214=DIRECTION('',(0.,1.,0.));
#2215=DIRECTION('center_axis',(1.,0.,0.));
#2216=DIRECTION('ref_axis',(0.,0.,-1.));
#2217=DIRECTION('',(0.,1.,0.));
#2218=DIRECTION('center_axis',(0.,0.,1.));
#2219=DIRECTION('ref_axis',(1.,0.,0.));
#2220=DIRECTION('',(0.,1.,0.));
#2221=DIRECTION('center_axis',(-1.,0.,1.12186234646978E-16));
#2222=DIRECTION('ref_axis',(1.12186234646978E-16,0.,1.));
#2223=DIRECTION('center_axis',(0.,-1.,0.));
#2224=DIRECTION('ref_axis',(0.,0.,-1.));
#2225=DIRECTION('center_axis',(0.,-1.,0.));
#2226=DIRECTION('ref_axis',(1.,0.,0.));
#2227=DIRECTION('center_axis',(0.,-1.,0.));
#2228=DIRECTION('ref_axis',(1.,0.,0.));
#2229=DIRECTION('center_axis',(0.,1.,-6.12323399573677E-17));
#2230=DIRECTION('ref_axis',(0.,0.,-1.));
#2231=DIRECTION('center_axis',(1.,0.,0.));
#2232=DIRECTION('ref_axis',(0.,0.,1.));
#2233=DIRECTION('center_axis',(0.,0.,1.));
#2234=DIRECTION('ref_axis',(0.,1.,0.));
#2235=DIRECTION('center_axis',(1.,0.,-1.22464679914735E-16));
#2236=DIRECTION('ref_axis',(1.22464679914735E-16,0.,1.));
#2237=DIRECTION('center_axis',(0.,0.,1.));
#2238=DIRECTION('ref_axis',(0.,1.,0.));
#2239=DIRECTION('center_axis',(-1.,0.,1.12186234646978E-16));
#2240=DIRECTION('ref_axis',(-1.12186234646978E-16,0.,-1.));
#2241=DIRECTION('center_axis',(0.,0.,-1.));
#2242=DIRECTION('ref_axis',(0.,-1.,0.));
#2243=DIRECTION('center_axis',(0.,1.,-6.12323399573677E-17));
#2244=DIRECTION('ref_axis',(0.,0.,-1.));
#2245=DIRECTION('center_axis',(-1.,0.,0.));
#2246=DIRECTION('ref_axis',(0.,0.,1.));
#2247=DIRECTION('center_axis',(0.,0.,1.));
#2248=DIRECTION('ref_axis',(0.,-1.,0.));
#2249=DIRECTION('center_axis',(1.,0.,-1.12186234646978E-16));
#2250=DIRECTION('ref_axis',(-1.12186234646978E-16,0.,-1.));
#2251=DIRECTION('center_axis',(0.,0.,-1.));
#2252=DIRECTION('ref_axis',(0.,1.,0.));
#2253=DIRECTION('center_axis',(1.,0.,-1.22464679914735E-16));
#2254=DIRECTION('ref_axis',(1.22464679914735E-16,0.,1.));
#2255=DIRECTION('center_axis',(0.,0.,-1.));
#2256=DIRECTION('ref_axis',(0.,1.,0.));
#2257=DIRECTION('center_axis',(0.,0.,-1.));
#2258=DIRECTION('ref_axis',(-1.,0.,0.));
#2259=DIRECTION('',(0.,1.,0.));
#2260=DIRECTION('',(0.,1.,0.));
#2261=DIRECTION('center_axis',(1.,0.,0.));
#2262=DIRECTION('ref_axis',(0.,0.,-1.));
#2263=DIRECTION('',(0.,1.,0.));
#2264=DIRECTION('center_axis',(0.,0.,1.));
#2265=DIRECTION('ref_axis',(1.,0.,0.));
#2266=DIRECTION('',(0.,1.,0.));
#2267=DIRECTION('center_axis',(-1.,0.,1.12186234646978E-16));
#2268=DIRECTION('ref_axis',(1.12186234646978E-16,0.,1.));
#2269=DIRECTION('center_axis',(0.,-1.,0.));
#2270=DIRECTION('ref_axis',(0.,0.,-1.));
#2271=DIRECTION('center_axis',(0.,-1.,0.));
#2272=DIRECTION('ref_axis',(1.,0.,0.));
#2273=DIRECTION('center_axis',(0.,-1.,0.));
#2274=DIRECTION('ref_axis',(1.,0.,0.));
#2275=DIRECTION('center_axis',(0.,1.,-6.12323399573677E-17));
#2276=DIRECTION('ref_axis',(0.,0.,-1.));
#2277=DIRECTION('center_axis',(1.,0.,0.));
#2278=DIRECTION('ref_axis',(0.,0.,1.));
#2279=DIRECTION('center_axis',(0.,0.,1.));
#2280=DIRECTION('ref_axis',(0.,1.,0.));
#2281=DIRECTION('center_axis',(1.,0.,-1.22464679914735E-16));
#2282=DIRECTION('ref_axis',(1.22464679914735E-16,0.,1.));
#2283=DIRECTION('center_axis',(0.,0.,1.));
#2284=DIRECTION('ref_axis',(0.,1.,0.));
#2285=DIRECTION('center_axis',(-1.,0.,1.12186234646978E-16));
#2286=DIRECTION('ref_axis',(-1.12186234646978E-16,0.,-1.));
#2287=DIRECTION('center_axis',(0.,0.,-1.));
#2288=DIRECTION('ref_axis',(0.,-1.,0.));
#2289=DIRECTION('center_axis',(0.,1.,-6.12323399573677E-17));
#2290=DIRECTION('ref_axis',(0.,0.,-1.));
#2291=DIRECTION('center_axis',(-1.,0.,0.));
#2292=DIRECTION('ref_axis',(0.,0.,1.));
#2293=DIRECTION('center_axis',(0.,0.,1.));
#2294=DIRECTION('ref_axis',(0.,-1.,0.));
#2295=DIRECTION('center_axis',(1.,0.,-1.12186234646978E-16));
#2296=DIRECTION('ref_axis',(-1.12186234646978E-16,0.,-1.));
#2297=DIRECTION('center_axis',(0.,0.,-1.));
#2298=DIRECTION('ref_axis',(0.,1.,0.));
#2299=DIRECTION('center_axis',(1.,0.,-1.22464679914735E-16));
#2300=DIRECTION('ref_axis',(1.22464679914735E-16,0.,1.));
#2301=DIRECTION('center_axis',(0.,0.,-1.));
#2302=DIRECTION('ref_axis',(0.,1.,0.));
#2303=DIRECTION('center_axis',(0.,0.,-1.));
#2304=DIRECTION('ref_axis',(-1.,0.,0.));
#2305=DIRECTION('',(0.,1.,0.));
#2306=DIRECTION('',(0.,1.,0.));
#2307=DIRECTION('center_axis',(1.,0.,0.));
#2308=DIRECTION('ref_axis',(0.,0.,-1.));
#2309=DIRECTION('',(0.,1.,0.));
#2310=DIRECTION('center_axis',(0.,0.,1.));
#2311=DIRECTION('ref_axis',(1.,0.,0.));
#2312=DIRECTION('',(0.,1.,0.));
#2313=DIRECTION('center_axis',(-1.,0.,1.12186234646978E-16));
#2314=DIRECTION('ref_axis',(1.12186234646978E-16,0.,1.));
#2315=DIRECTION('center_axis',(0.,-1.,0.));
#2316=DIRECTION('ref_axis',(0.,0.,-1.));
#2317=DIRECTION('center_axis',(0.,-1.,0.));
#2318=DIRECTION('ref_axis',(1.,0.,0.));
#2319=DIRECTION('center_axis',(0.,-1.,0.));
#2320=DIRECTION('ref_axis',(1.,0.,0.));
#2321=DIRECTION('center_axis',(0.,1.,-6.12323399573677E-17));
#2322=DIRECTION('ref_axis',(0.,0.,-1.));
#2323=DIRECTION('center_axis',(1.,0.,0.));
#2324=DIRECTION('ref_axis',(0.,0.,1.));
#2325=DIRECTION('center_axis',(0.,0.,1.));
#2326=DIRECTION('ref_axis',(0.,1.,0.));
#2327=DIRECTION('center_axis',(1.,0.,-1.22464679914735E-16));
#2328=DIRECTION('ref_axis',(1.22464679914735E-16,0.,1.));
#2329=DIRECTION('center_axis',(0.,0.,1.));
#2330=DIRECTION('ref_axis',(0.,1.,0.));
#2331=DIRECTION('center_axis',(-1.,0.,1.12186234646978E-16));
#2332=DIRECTION('ref_axis',(-1.12186234646978E-16,0.,-1.));
#2333=DIRECTION('center_axis',(0.,0.,-1.));
#2334=DIRECTION('ref_axis',(0.,-1.,0.));
#2335=DIRECTION('center_axis',(0.,1.,-6.12323399573677E-17));
#2336=DIRECTION('ref_axis',(0.,0.,-1.));
#2337=DIRECTION('center_axis',(-1.,0.,0.));
#2338=DIRECTION('ref_axis',(0.,0.,1.));
#2339=DIRECTION('center_axis',(0.,0.,1.));
#2340=DIRECTION('ref_axis',(0.,-1.,0.));
#2341=DIRECTION('center_axis',(1.,0.,-1.12186234646978E-16));
#2342=DIRECTION('ref_axis',(-1.12186234646978E-16,0.,-1.));
#2343=DIRECTION('center_axis',(0.,0.,-1.));
#2344=DIRECTION('ref_axis',(0.,1.,0.));
#2345=DIRECTION('center_axis',(1.,0.,-1.22464679914735E-16));
#2346=DIRECTION('ref_axis',(1.22464679914735E-16,0.,1.));
#2347=DIRECTION('center_axis',(0.,0.,-1.));
#2348=DIRECTION('ref_axis',(0.,1.,0.));
#2349=DIRECTION('center_axis',(0.,0.,-1.));
#2350=DIRECTION('ref_axis',(-1.,0.,0.));
#2351=DIRECTION('',(0.,1.,0.));
#2352=DIRECTION('',(0.,1.,0.));
#2353=DIRECTION('center_axis',(1.,0.,0.));
#2354=DIRECTION('ref_axis',(0.,0.,-1.));
#2355=DIRECTION('',(0.,1.,0.));
#2356=DIRECTION('center_axis',(0.,0.,1.));
#2357=DIRECTION('ref_axis',(1.,0.,0.));
#2358=DIRECTION('',(0.,1.,0.));
#2359=DIRECTION('center_axis',(-1.,0.,1.12186234646978E-16));
#2360=DIRECTION('ref_axis',(1.12186234646978E-16,0.,1.));
#2361=DIRECTION('center_axis',(0.,-1.,0.));
#2362=DIRECTION('ref_axis',(0.,0.,-1.));
#2363=DIRECTION('center_axis',(0.,-1.,0.));
#2364=DIRECTION('ref_axis',(1.,0.,0.));
#2365=DIRECTION('center_axis',(0.,-1.,0.));
#2366=DIRECTION('ref_axis',(1.,0.,0.));
#2367=DIRECTION('center_axis',(0.,1.,-6.12323399573677E-17));
#2368=DIRECTION('ref_axis',(0.,0.,-1.));
#2369=DIRECTION('center_axis',(1.,0.,0.));
#2370=DIRECTION('ref_axis',(0.,0.,1.));
#2371=DIRECTION('center_axis',(0.,0.,1.));
#2372=DIRECTION('ref_axis',(0.,1.,0.));
#2373=DIRECTION('center_axis',(1.,0.,-1.22464679914735E-16));
#2374=DIRECTION('ref_axis',(1.22464679914735E-16,0.,1.));
#2375=DIRECTION('center_axis',(0.,0.,1.));
#2376=DIRECTION('ref_axis',(0.,1.,0.));
#2377=DIRECTION('center_axis',(-1.,0.,1.12186234646978E-16));
#2378=DIRECTION('ref_axis',(-1.12186234646978E-16,0.,-1.));
#2379=DIRECTION('center_axis',(0.,0.,-1.));
#2380=DIRECTION('ref_axis',(0.,-1.,0.));
#2381=DIRECTION('center_axis',(0.,1.,-6.12323399573677E-17));
#2382=DIRECTION('ref_axis',(0.,0.,-1.));
#2383=DIRECTION('center_axis',(-1.,0.,0.));
#2384=DIRECTION('ref_axis',(0.,0.,1.));
#2385=DIRECTION('center_axis',(0.,0.,1.));
#2386=DIRECTION('ref_axis',(0.,-1.,0.));
#2387=DIRECTION('center_axis',(1.,0.,-1.12186234646978E-16));
#2388=DIRECTION('ref_axis',(-1.12186234646978E-16,0.,-1.));
#2389=DIRECTION('center_axis',(0.,0.,-1.));
#2390=DIRECTION('ref_axis',(0.,1.,0.));
#2391=DIRECTION('center_axis',(1.,0.,-1.22464679914735E-16));
#2392=DIRECTION('ref_axis',(1.22464679914735E-16,0.,1.));
#2393=DIRECTION('center_axis',(0.,0.,-1.));
#2394=DIRECTION('ref_axis',(0.,1.,0.));
#2395=DIRECTION('center_axis',(0.,0.,-1.));
#2396=DIRECTION('ref_axis',(-1.,0.,0.));
#2397=DIRECTION('',(0.,1.,0.));
#2398=DIRECTION('',(0.,1.,0.));
#2399=DIRECTION('center_axis',(1.,0.,0.));
#2400=DIRECTION('ref_axis',(0.,0.,-1.));
#2401=DIRECTION('',(0.,1.,0.));
#2402=DIRECTION('center_axis',(0.,0.,1.));
#2403=DIRECTION('ref_axis',(1.,0.,0.));
#2404=DIRECTION('',(0.,1.,0.));
#2405=DIRECTION('center_axis',(-1.,0.,1.12186234646978E-16));
#2406=DIRECTION('ref_axis',(1.12186234646978E-16,0.,1.));
#2407=DIRECTION('center_axis',(0.,-1.,0.));
#2408=DIRECTION('ref_axis',(0.,0.,-1.));
#2409=DIRECTION('center_axis',(0.,-1.,0.));
#2410=DIRECTION('ref_axis',(1.,0.,0.));
#2411=DIRECTION('center_axis',(0.,-1.,0.));
#2412=DIRECTION('ref_axis',(1.,0.,0.));
#2413=DIRECTION('center_axis',(0.,1.,-6.12323399573677E-17));
#2414=DIRECTION('ref_axis',(0.,0.,-1.));
#2415=DIRECTION('center_axis',(1.,0.,0.));
#2416=DIRECTION('ref_axis',(0.,0.,1.));
#2417=DIRECTION('center_axis',(0.,0.,1.));
#2418=DIRECTION('ref_axis',(0.,1.,0.));
#2419=DIRECTION('center_axis',(1.,0.,-1.22464679914735E-16));
#2420=DIRECTION('ref_axis',(1.22464679914735E-16,0.,1.));
#2421=DIRECTION('center_axis',(0.,0.,1.));
#2422=DIRECTION('ref_axis',(0.,1.,0.));
#2423=DIRECTION('center_axis',(-1.,0.,1.12186234646978E-16));
#2424=DIRECTION('ref_axis',(-1.12186234646978E-16,0.,-1.));
#2425=DIRECTION('center_axis',(0.,0.,-1.));
#2426=DIRECTION('ref_axis',(0.,-1.,0.));
#2427=DIRECTION('center_axis',(0.,1.,-6.12323399573677E-17));
#2428=DIRECTION('ref_axis',(0.,0.,-1.));
#2429=DIRECTION('center_axis',(-1.,0.,0.));
#2430=DIRECTION('ref_axis',(0.,0.,1.));
#2431=DIRECTION('center_axis',(0.,0.,1.));
#2432=DIRECTION('ref_axis',(0.,-1.,0.));
#2433=DIRECTION('center_axis',(1.,0.,-1.12186234646978E-16));
#2434=DIRECTION('ref_axis',(-1.12186234646978E-16,0.,-1.));
#2435=DIRECTION('center_axis',(0.,0.,-1.));
#2436=DIRECTION('ref_axis',(0.,1.,0.));
#2437=DIRECTION('center_axis',(1.,0.,-1.22464679914735E-16));
#2438=DIRECTION('ref_axis',(1.22464679914735E-16,0.,1.));
#2439=DIRECTION('center_axis',(0.,0.,-1.));
#2440=DIRECTION('ref_axis',(0.,1.,0.));
#2441=DIRECTION('center_axis',(0.,0.,-1.));
#2442=DIRECTION('ref_axis',(-1.,0.,0.));
#2443=DIRECTION('',(0.,1.,0.));
#2444=DIRECTION('',(0.,1.,0.));
#2445=DIRECTION('center_axis',(1.,0.,0.));
#2446=DIRECTION('ref_axis',(0.,0.,-1.));
#2447=DIRECTION('',(0.,1.,0.));
#2448=DIRECTION('center_axis',(0.,0.,1.));
#2449=DIRECTION('ref_axis',(1.,0.,0.));
#2450=DIRECTION('',(0.,1.,0.));
#2451=DIRECTION('center_axis',(-1.,0.,1.12186234646978E-16));
#2452=DIRECTION('ref_axis',(1.12186234646978E-16,0.,1.));
#2453=DIRECTION('center_axis',(0.,-1.,0.));
#2454=DIRECTION('ref_axis',(0.,0.,-1.));
#2455=DIRECTION('center_axis',(0.,-1.,0.));
#2456=DIRECTION('ref_axis',(1.,0.,0.));
#2457=DIRECTION('center_axis',(0.,-1.,0.));
#2458=DIRECTION('ref_axis',(1.,0.,0.));
#2459=DIRECTION('center_axis',(0.,1.,-6.12323399573677E-17));
#2460=DIRECTION('ref_axis',(0.,0.,-1.));
#2461=DIRECTION('center_axis',(1.,0.,0.));
#2462=DIRECTION('ref_axis',(0.,0.,1.));
#2463=DIRECTION('center_axis',(0.,0.,1.));
#2464=DIRECTION('ref_axis',(0.,1.,0.));
#2465=DIRECTION('center_axis',(1.,0.,-1.22464679914735E-16));
#2466=DIRECTION('ref_axis',(1.22464679914735E-16,0.,1.));
#2467=DIRECTION('center_axis',(0.,0.,1.));
#2468=DIRECTION('ref_axis',(0.,1.,0.));
#2469=DIRECTION('center_axis',(-1.,0.,1.12186234646978E-16));
#2470=DIRECTION('ref_axis',(-1.12186234646978E-16,0.,-1.));
#2471=DIRECTION('center_axis',(0.,0.,-1.));
#2472=DIRECTION('ref_axis',(0.,-1.,0.));
#2473=DIRECTION('center_axis',(0.,1.,-6.12323399573677E-17));
#2474=DIRECTION('ref_axis',(0.,0.,-1.));
#2475=DIRECTION('center_axis',(-1.,0.,0.));
#2476=DIRECTION('ref_axis',(0.,0.,1.));
#2477=DIRECTION('center_axis',(0.,0.,1.));
#2478=DIRECTION('ref_axis',(0.,-1.,0.));
#2479=DIRECTION('center_axis',(1.,0.,-1.12186234646978E-16));
#2480=DIRECTION('ref_axis',(-1.12186234646978E-16,0.,-1.));
#2481=DIRECTION('center_axis',(0.,0.,-1.));
#2482=DIRECTION('ref_axis',(0.,1.,0.));
#2483=DIRECTION('center_axis',(1.,0.,-1.22464679914735E-16));
#2484=DIRECTION('ref_axis',(1.22464679914735E-16,0.,1.));
#2485=DIRECTION('center_axis',(0.,0.,-1.));
#2486=DIRECTION('ref_axis',(0.,1.,0.));
#2487=DIRECTION('center_axis',(0.,0.,-1.));
#2488=DIRECTION('ref_axis',(-1.,0.,0.));
#2489=DIRECTION('',(0.,1.,0.));
#2490=DIRECTION('',(0.,1.,0.));
#2491=DIRECTION('center_axis',(1.,0.,0.));
#2492=DIRECTION('ref_axis',(0.,0.,-1.));
#2493=DIRECTION('',(0.,1.,0.));
#2494=DIRECTION('center_axis',(0.,0.,1.));
#2495=DIRECTION('ref_axis',(1.,0.,0.));
#2496=DIRECTION('',(0.,1.,0.));
#2497=DIRECTION('center_axis',(-1.,0.,1.12186234646978E-16));
#2498=DIRECTION('ref_axis',(1.12186234646978E-16,0.,1.));
#2499=CARTESIAN_POINT('',(0.,0.,0.));
#2500=CARTESIAN_POINT('Origin',(24.5849,0.,-39.5849));
#2501=CARTESIAN_POINT('',(24.5849,74.0598972722755,-39.5849));
#2502=CARTESIAN_POINT('',(24.5849,74.0598972722755,39.5849));
#2503=CARTESIAN_POINT('Origin',(24.5849,0.,2.75809432769637E-15));
#2504=CARTESIAN_POINT('',(24.5849,83.3598727445046,-39.5849));
#2505=CARTESIAN_POINT('',(24.5849,0.,-39.5849));
#2506=CARTESIAN_POINT('',(24.5849,83.3598727445046,39.5849));
#2507=CARTESIAN_POINT('Origin',(24.5849,0.,2.75809432769637E-15));
#2508=CARTESIAN_POINT('',(24.5849,0.,39.5849));
#2509=CARTESIAN_POINT('Origin',(24.5849,0.,39.5849));
#2510=CARTESIAN_POINT('',(4.84775210795681E-15,78.0338752849684,39.5849));
#2511=CARTESIAN_POINT('Origin',(0.,0.,39.5849));
#2512=CARTESIAN_POINT('',(4.84775210795681E-15,86.9096409611155,39.5849));
#2513=CARTESIAN_POINT('Origin',(0.,0.,39.5849));
#2514=CARTESIAN_POINT('',(-24.5849,83.3598727445046,39.5849));
#2515=CARTESIAN_POINT('Origin',(0.,0.,39.5849));
#2516=CARTESIAN_POINT('',(-24.5849,74.0598972722755,39.5849));
#2517=CARTESIAN_POINT('',(-24.5849,0.,39.5849));
#2518=CARTESIAN_POINT('Origin',(0.,0.,39.5849));
#2519=CARTESIAN_POINT('Origin',(-24.5849,0.,39.5849));
#2520=CARTESIAN_POINT('',(-24.5849,74.0598972722755,-39.5849));
#2521=CARTESIAN_POINT('Origin',(-24.5849,0.,0.));
#2522=CARTESIAN_POINT('',(-24.5849,83.3598727445046,-39.5849));
#2523=CARTESIAN_POINT('Origin',(-24.5849,0.,0.));
#2524=CARTESIAN_POINT('',(-24.5849,0.,-39.5849));
#2525=CARTESIAN_POINT('Origin',(-24.5849,0.,-39.5849));
#2526=CARTESIAN_POINT('Origin',(3.57520814869976E-15,0.,-39.5849));
#2527=CARTESIAN_POINT('Origin',(3.57520814869976E-15,0.,-39.5849));
#2528=CARTESIAN_POINT('Origin',(0.,0.,0.));
#2529=CARTESIAN_POINT('',(6.56144904914563E-31,87.5,5.35782974626967E-15));
#2530=CARTESIAN_POINT('Origin',(0.,0.,0.));
#2531=CARTESIAN_POINT('Origin',(0.,0.,0.));
#2532=CARTESIAN_POINT('',(7.16135296221037E-31,95.5,5.84768846592861E-15));
#2533=CARTESIAN_POINT('Origin',(0.,0.,0.));
#2534=CARTESIAN_POINT('Origin',(24.5849,0.,-39.5849));
#2535=CARTESIAN_POINT('',(24.5849,83.3598727445046,-39.5849));
#2536=CARTESIAN_POINT('',(24.5849,83.3598727445046,39.5849));
#2537=CARTESIAN_POINT('Origin',(24.5849,0.,2.75809432769637E-15));
#2538=CARTESIAN_POINT('',(24.5849,83.588925007922,-39.5849));
#2539=CARTESIAN_POINT('',(24.5849,0.,-39.5849));
#2540=CARTESIAN_POINT('',(24.5849,83.588925007922,39.5849));
#2541=CARTESIAN_POINT('Origin',(24.5849,0.,2.75809432769637E-15));
#2542=CARTESIAN_POINT('',(24.5849,0.,39.5849));
#2543=CARTESIAN_POINT('Origin',(24.5849,0.,39.5849));
#2544=CARTESIAN_POINT('',(4.84775210795681E-15,86.9096409611155,39.5849));
#2545=CARTESIAN_POINT('Origin',(0.,0.,39.5849));
#2546=CARTESIAN_POINT('',(4.84775210795681E-15,87.1293618247603,39.5849));
#2547=CARTESIAN_POINT('Origin',(0.,0.,39.5849));
#2548=CARTESIAN_POINT('',(-24.5849,83.588925007922,39.5849));
#2549=CARTESIAN_POINT('Origin',(0.,0.,39.5849));
#2550=CARTESIAN_POINT('',(-24.5849,83.3598727445046,39.5849));
#2551=CARTESIAN_POINT('',(-24.5849,0.,39.5849));
#2552=CARTESIAN_POINT('Origin',(0.,0.,39.5849));
#2553=CARTESIAN_POINT('Origin',(-24.5849,0.,39.5849));
#2554=CARTESIAN_POINT('',(-24.5849,83.3598727445046,-39.5849));
#2555=CARTESIAN_POINT('Origin',(-24.5849,0.,0.));
#2556=CARTESIAN_POINT('',(-24.5849,83.588925007922,-39.5849));
#2557=CARTESIAN_POINT('Origin',(-24.5849,0.,0.));
#2558=CARTESIAN_POINT('',(-24.5849,0.,-39.5849));
#2559=CARTESIAN_POINT('Origin',(-24.5849,0.,-39.5849));
#2560=CARTESIAN_POINT('Origin',(3.57520814869976E-15,0.,-39.5849));
#2561=CARTESIAN_POINT('Origin',(3.57520814869976E-15,0.,-39.5849));
#2562=CARTESIAN_POINT('Origin',(0.,0.,0.));
#2563=CARTESIAN_POINT('',(7.16135296221037E-31,95.5,5.84768846592861E-15));
#2564=CARTESIAN_POINT('Origin',(0.,0.,0.));
#2565=CARTESIAN_POINT('Origin',(0.,0.,0.));
#2566=CARTESIAN_POINT('',(7.17635056003699E-31,95.7,5.85993493392009E-15));
#2567=CARTESIAN_POINT('Origin',(0.,0.,0.));
#2568=CARTESIAN_POINT('Origin',(24.5849,0.,-39.5849));
#2569=CARTESIAN_POINT('',(24.5849,83.588925007922,-39.5849));
#2570=CARTESIAN_POINT('',(24.5849,83.588925007922,39.5849));
#2571=CARTESIAN_POINT('Origin',(24.5849,0.,2.75809432769637E-15));
#2572=CARTESIAN_POINT('',(24.5849,83.6461647894271,-39.5849));
#2573=CARTESIAN_POINT('',(24.5849,0.,-39.5849));
#2574=CARTESIAN_POINT('',(24.5849,83.6461647894271,39.5849));
#2575=CARTESIAN_POINT('Origin',(24.5849,0.,2.75809432769637E-15));
#2576=CARTESIAN_POINT('',(24.5849,0.,39.5849));
#2577=CARTESIAN_POINT('Origin',(24.5849,0.,39.5849));
#2578=CARTESIAN_POINT('',(4.84775210795681E-15,87.1293618247603,39.5849));
#2579=CARTESIAN_POINT('Origin',(0.,0.,39.5849));
#2580=CARTESIAN_POINT('',(4.84775210795681E-15,87.1842772063289,39.5849));
#2581=CARTESIAN_POINT('Origin',(0.,0.,39.5849));
#2582=CARTESIAN_POINT('',(-24.5849,83.6461647894271,39.5849));
#2583=CARTESIAN_POINT('Origin',(0.,0.,39.5849));
#2584=CARTESIAN_POINT('',(-24.5849,83.588925007922,39.5849));
#2585=CARTESIAN_POINT('',(-24.5849,0.,39.5849));
#2586=CARTESIAN_POINT('Origin',(0.,0.,39.5849));
#2587=CARTESIAN_POINT('Origin',(-24.5849,0.,39.5849));
#2588=CARTESIAN_POINT('',(-24.5849,83.588925007922,-39.5849));
#2589=CARTESIAN_POINT('Origin',(-24.5849,0.,0.));
#2590=CARTESIAN_POINT('',(-24.5849,83.6461647894271,-39.5849));
#2591=CARTESIAN_POINT('Origin',(-24.5849,0.,0.));
#2592=CARTESIAN_POINT('',(-24.5849,0.,-39.5849));
#2593=CARTESIAN_POINT('Origin',(-24.5849,0.,-39.5849));
#2594=CARTESIAN_POINT('Origin',(3.57520814869976E-15,0.,-39.5849));
#2595=CARTESIAN_POINT('Origin',(3.57520814869976E-15,0.,-39.5849));
#2596=CARTESIAN_POINT('Origin',(0.,0.,0.));
#2597=CARTESIAN_POINT('',(7.17635056003699E-31,95.7,5.85993493392009E-15));
#2598=CARTESIAN_POINT('Origin',(0.,0.,0.));
#2599=CARTESIAN_POINT('Origin',(0.,0.,0.));
#2600=CARTESIAN_POINT('',(7.18009995949365E-31,95.75,5.86299655091795E-15));
#2601=CARTESIAN_POINT('Origin',(0.,0.,0.));
#2602=CARTESIAN_POINT('Origin',(24.5849,0.,-39.5849));
#2603=CARTESIAN_POINT('',(24.5849,83.6461647894271,-39.5849));
#2604=CARTESIAN_POINT('',(24.5849,83.6461647894271,39.5849));
#2605=CARTESIAN_POINT('Origin',(24.5849,0.,2.75809432769637E-15));
#2606=CARTESIAN_POINT('',(24.5849,83.6862271164138,-39.5849));
#2607=CARTESIAN_POINT('',(24.5849,0.,-39.5849));
#2608=CARTESIAN_POINT('',(24.5849,83.6862271164138,39.5849));
#2609=CARTESIAN_POINT('Origin',(24.5849,0.,2.75809432769637E-15));
#2610=CARTESIAN_POINT('',(24.5849,0.,39.5849));
#2611=CARTESIAN_POINT('Origin',(24.5849,0.,39.5849));
#2612=CARTESIAN_POINT('',(4.84775210795681E-15,87.1842772063289,39.5849));
#2613=CARTESIAN_POINT('Origin',(0.,0.,39.5849));
#2614=CARTESIAN_POINT('',(4.84775210795681E-15,87.2227144555247,39.5849));
#2615=CARTESIAN_POINT('Origin',(0.,0.,39.5849));
#2616=CARTESIAN_POINT('',(-24.5849,83.6862271164138,39.5849));
#2617=CARTESIAN_POINT('Origin',(0.,0.,39.5849));
#2618=CARTESIAN_POINT('',(-24.5849,83.6461647894271,39.5849));
#2619=CARTESIAN_POINT('',(-24.5849,0.,39.5849));
#2620=CARTESIAN_POINT('Origin',(0.,0.,39.5849));
#2621=CARTESIAN_POINT('Origin',(-24.5849,0.,39.5849));
#2622=CARTESIAN_POINT('',(-24.5849,83.6461647894271,-39.5849));
#2623=CARTESIAN_POINT('Origin',(-24.5849,0.,0.));
#2624=CARTESIAN_POINT('',(-24.5849,83.6862271164138,-39.5849));
#2625=CARTESIAN_POINT('Origin',(-24.5849,0.,0.));
#2626=CARTESIAN_POINT('',(-24.5849,0.,-39.5849));
#2627=CARTESIAN_POINT('Origin',(-24.5849,0.,-39.5849));
#2628=CARTESIAN_POINT('Origin',(3.57520814869976E-15,0.,-39.5849));
#2629=CARTESIAN_POINT('Origin',(3.57520814869976E-15,0.,-39.5849));
#2630=CARTESIAN_POINT('Origin',(0.,0.,0.));
#2631=CARTESIAN_POINT('',(7.18009995949365E-31,95.75,5.86299655091795E-15));
#2632=CARTESIAN_POINT('Origin',(0.,0.,0.));
#2633=CARTESIAN_POINT('Origin',(0.,0.,0.));
#2634=CARTESIAN_POINT('',(7.1827245391133E-31,95.785,5.86513968281646E-15));
#2635=CARTESIAN_POINT('Origin',(0.,0.,0.));
#2636=CARTESIAN_POINT('Origin',(24.5849,0.,-39.5849));
#2637=CARTESIAN_POINT('',(24.5849,83.6862271164138,-39.5849));
#2638=CARTESIAN_POINT('',(24.5849,83.6862271164138,39.5849));
#2639=CARTESIAN_POINT('Origin',(24.5849,0.,2.75809432769637E-15));
#2640=CARTESIAN_POINT('',(24.5849,83.8349903619008,-39.5849));
#2641=CARTESIAN_POINT('',(24.5849,0.,-39.5849));
#2642=CARTESIAN_POINT('',(24.5849,83.8349903619008,39.5849));
#2643=CARTESIAN_POINT('Origin',(24.5849,0.,2.75809432769637E-15));
#2644=CARTESIAN_POINT('',(24.5849,0.,39.5849));
#2645=CARTESIAN_POINT('Origin',(24.5849,0.,39.5849));
#2646=CARTESIAN_POINT('',(4.84775210795681E-15,87.2227144555247,39.5849));
#2647=CARTESIAN_POINT('Origin',(0.,0.,39.5849));
#2648=CARTESIAN_POINT('',(4.84775210795681E-15,87.3654560852858,39.5849));
#2649=CARTESIAN_POINT('Origin',(0.,0.,39.5849));
#2650=CARTESIAN_POINT('',(-24.5849,83.8349903619008,39.5849));
#2651=CARTESIAN_POINT('Origin',(0.,0.,39.5849));
#2652=CARTESIAN_POINT('',(-24.5849,83.6862271164138,39.5849));
#2653=CARTESIAN_POINT('',(-24.5849,0.,39.5849));
#2654=CARTESIAN_POINT('Origin',(0.,0.,39.5849));
#2655=CARTESIAN_POINT('Origin',(-24.5849,0.,39.5849));
#2656=CARTESIAN_POINT('',(-24.5849,83.6862271164138,-39.5849));
#2657=CARTESIAN_POINT('Origin',(-24.5849,0.,0.));
#2658=CARTESIAN_POINT('',(-24.5849,83.8349903619008,-39.5849));
#2659=CARTESIAN_POINT('Origin',(-24.5849,0.,0.));
#2660=CARTESIAN_POINT('',(-24.5849,0.,-39.5849));
#2661=CARTESIAN_POINT('Origin',(-24.5849,0.,-39.5849));
#2662=CARTESIAN_POINT('Origin',(3.57520814869976E-15,0.,-39.5849));
#2663=CARTESIAN_POINT('Origin',(3.57520814869976E-15,0.,-39.5849));
#2664=CARTESIAN_POINT('Origin',(0.,0.,0.));
#2665=CARTESIAN_POINT('',(7.1827245391133E-31,95.785,5.86513968281646E-15));
#2666=CARTESIAN_POINT('Origin',(0.,0.,0.));
#2667=CARTESIAN_POINT('Origin',(0.,0.,0.));
#2668=CARTESIAN_POINT('',(7.1924729777006E-31,95.915,5.87309988701092E-15));
#2669=CARTESIAN_POINT('Origin',(0.,0.,0.));
#2670=CARTESIAN_POINT('Origin',(24.5849,0.,-39.5849));
#2671=CARTESIAN_POINT('',(24.5849,83.8349903619008,-39.5849));
#2672=CARTESIAN_POINT('',(24.5849,83.8349903619008,39.5849));
#2673=CARTESIAN_POINT('Origin',(24.5849,0.,2.75809432769637E-15));
#2674=CARTESIAN_POINT('',(24.5849,83.8750313500985,-39.5849));
#2675=CARTESIAN_POINT('',(24.5849,0.,-39.5849));
#2676=CARTESIAN_POINT('',(24.5849,83.8750313500985,39.5849));
#2677=CARTESIAN_POINT('Origin',(24.5849,0.,2.75809432769637E-15));
#2678=CARTESIAN_POINT('',(24.5849,0.,39.5849));
#2679=CARTESIAN_POINT('Origin',(24.5849,0.,39.5849));
#2680=CARTESIAN_POINT('',(4.84775210795681E-15,87.3654560852858,39.5849));
#2681=CARTESIAN_POINT('Origin',(0.,0.,39.5849));
#2682=CARTESIAN_POINT('',(4.84775210795681E-15,87.4038797307648,39.5849));
#2683=CARTESIAN_POINT('Origin',(0.,0.,39.5849));
#2684=CARTESIAN_POINT('',(-24.5849,83.8750313500985,39.5849));
#2685=CARTESIAN_POINT('Origin',(0.,0.,39.5849));
#2686=CARTESIAN_POINT('',(-24.5849,83.8349903619008,39.5849));
#2687=CARTESIAN_POINT('',(-24.5849,0.,39.5849));
#2688=CARTESIAN_POINT('Origin',(0.,0.,39.5849));
#2689=CARTESIAN_POINT('Origin',(-24.5849,0.,39.5849));
#2690=CARTESIAN_POINT('',(-24.5849,83.8349903619008,-39.5849));
#2691=CARTESIAN_POINT('Origin',(-24.5849,0.,0.));
#2692=CARTESIAN_POINT('',(-24.5849,83.8750313500985,-39.5849));
#2693=CARTESIAN_POINT('Origin',(-24.5849,0.,0.));
#2694=CARTESIAN_POINT('',(-24.5849,0.,-39.5849));
#2695=CARTESIAN_POINT('Origin',(-24.5849,0.,-39.5849));
#2696=CARTESIAN_POINT('Origin',(3.57520814869976E-15,0.,-39.5849));
#2697=CARTESIAN_POINT('Origin',(3.57520814869976E-15,0.,-39.5849));
#2698=CARTESIAN_POINT('Origin',(0.,0.,0.));
#2699=CARTESIAN_POINT('',(7.1924729777006E-31,95.915,5.87309988701092E-15));
#2700=CARTESIAN_POINT('Origin',(0.,0.,0.));
#2701=CARTESIAN_POINT('Origin',(0.,0.,0.));
#2702=CARTESIAN_POINT('',(7.19509755732026E-31,95.95,5.87524301890943E-15));
#2703=CARTESIAN_POINT('Origin',(0.,0.,0.));
#2704=CARTESIAN_POINT('Origin',(24.5849,0.,-39.5849));
#2705=CARTESIAN_POINT('',(24.5849,83.8750313500985,-39.5849));
#2706=CARTESIAN_POINT('',(24.5849,83.8750313500985,39.5849));
#2707=CARTESIAN_POINT('Origin',(24.5849,0.,2.75809432769637E-15));
#2708=CARTESIAN_POINT('',(24.5849,88.4794800164422,-39.5849));
#2709=CARTESIAN_POINT('',(24.5849,0.,-39.5849));
#2710=CARTESIAN_POINT('',(24.5849,88.4794800164422,39.5849));
#2711=CARTESIAN_POINT('Origin',(24.5849,0.,2.75809432769637E-15));
#2712=CARTESIAN_POINT('',(24.5849,0.,39.5849));
#2713=CARTESIAN_POINT('Origin',(24.5849,0.,39.5849));
#2714=CARTESIAN_POINT('',(4.84775210795681E-15,87.4038797307648,39.5849));
#2715=CARTESIAN_POINT('Origin',(0.,0.,39.5849));
#2716=CARTESIAN_POINT('',(4.84775210795681E-15,91.8315615242929,39.5849));
#2717=CARTESIAN_POINT('Origin',(0.,0.,39.5849));
#2718=CARTESIAN_POINT('',(-24.5849,88.4794800164422,39.5849));
#2719=CARTESIAN_POINT('Origin',(0.,0.,39.5849));
#2720=CARTESIAN_POINT('',(-24.5849,83.8750313500985,39.5849));
#2721=CARTESIAN_POINT('',(-24.5849,0.,39.5849));
#2722=CARTESIAN_POINT('Origin',(0.,0.,39.5849));
#2723=CARTESIAN_POINT('Origin',(-24.5849,0.,39.5849));
#2724=CARTESIAN_POINT('',(-24.5849,83.8750313500985,-39.5849));
#2725=CARTESIAN_POINT('Origin',(-24.5849,0.,0.));
#2726=CARTESIAN_POINT('',(-24.5849,88.4794800164422,-39.5849));
#2727=CARTESIAN_POINT('Origin',(-24.5849,0.,0.));
#2728=CARTESIAN_POINT('',(-24.5849,0.,-39.5849));
#2729=CARTESIAN_POINT('Origin',(-24.5849,0.,-39.5849));
#2730=CARTESIAN_POINT('Origin',(3.57520814869976E-15,0.,-39.5849));
#2731=CARTESIAN_POINT('Origin',(3.57520814869976E-15,0.,-39.5849));
#2732=CARTESIAN_POINT('Origin',(0.,0.,0.));
#2733=CARTESIAN_POINT('',(7.19509755732026E-31,95.95,5.87524301890943E-15));
#2734=CARTESIAN_POINT('Origin',(0.,0.,0.));
#2735=CARTESIAN_POINT('Origin',(0.,0.,0.));
#2736=CARTESIAN_POINT('',(7.49879891330929E-31,100.,6.12323399573677E-15));
#2737=CARTESIAN_POINT('Origin',(0.,0.,0.));
#2738=CARTESIAN_POINT('Origin',(87.5,6.57875710543991E-15,0.));
#2739=CARTESIAN_POINT('',(1.16953769318572E-14,5.4669088579712E-15,95.5));
#2740=CARTESIAN_POINT('Origin',(0.,5.4669088579712E-15,0.));
#2741=CARTESIAN_POINT('',(1.07156594925393E-14,6.57875710543991E-15,87.5));
#2742=CARTESIAN_POINT('Origin',(0.,6.57875710543991E-15,0.));
#2743=CARTESIAN_POINT('Origin',(0.,0.,0.));
#2744=CARTESIAN_POINT('',(24.585,83.3597957651049,-39.585));
#2745=CARTESIAN_POINT('',(24.585,83.3597957651049,39.585));
#2746=CARTESIAN_POINT('Origin',(24.585,0.,0.));
#2747=CARTESIAN_POINT('',(4.8477643544248E-15,86.9095954138552,39.585));
#2748=CARTESIAN_POINT('Origin',(0.,0.,39.585));
#2749=CARTESIAN_POINT('Origin',(0.,0.,0.));
#2750=CARTESIAN_POINT('',(-24.585,83.3597957651049,39.585));
#2751=CARTESIAN_POINT('Origin',(0.,0.,39.585));
#2752=CARTESIAN_POINT('',(-24.585,83.3597957651049,-39.585));
#2753=CARTESIAN_POINT('Origin',(-24.585,0.,2.75809857879596E-15));
#2754=CARTESIAN_POINT('Origin',(0.,0.,-39.585));
#2755=CARTESIAN_POINT('Origin',(0.,0.,0.));
#2756=CARTESIAN_POINT('',(24.585,74.0598106262769,39.585));
#2757=CARTESIAN_POINT('',(24.585,74.0598106262769,-39.585));
#2758=CARTESIAN_POINT('Origin',(24.585,0.,0.));
#2759=CARTESIAN_POINT('',(-24.585,74.0598106262769,-39.585));
#2760=CARTESIAN_POINT('Origin',(0.,0.,-39.585));
#2761=CARTESIAN_POINT('',(-24.585,74.0598106262769,39.585));
#2762=CARTESIAN_POINT('Origin',(-24.585,0.,2.75809857879596E-15));
#2763=CARTESIAN_POINT('',(4.8477643544248E-15,78.0338245570471,39.585));
#2764=CARTESIAN_POINT('Origin',(0.,0.,39.585));
#2765=CARTESIAN_POINT('Origin',(0.,0.,0.));
#2766=CARTESIAN_POINT('Origin',(0.,0.,39.585));
#2767=CARTESIAN_POINT('Origin',(24.585,0.,-39.585));
#2768=CARTESIAN_POINT('',(24.585,0.,-39.585));
#2769=CARTESIAN_POINT('',(-24.585,0.,-39.585));
#2770=CARTESIAN_POINT('Origin',(24.585,0.,39.585));
#2771=CARTESIAN_POINT('',(24.585,0.,39.585));
#2772=CARTESIAN_POINT('Origin',(-24.585,0.,39.585));
#2773=CARTESIAN_POINT('',(-24.585,0.,39.585));
#2774=CARTESIAN_POINT('Origin',(-24.585,0.,-39.585));
#2775=CARTESIAN_POINT('Origin',(95.5,5.4669088579712E-15,0.));
#2776=CARTESIAN_POINT('',(1.17198698678402E-14,5.43911265178449E-15,95.7));
#2777=CARTESIAN_POINT('Origin',(0.,5.43911265178449E-15,0.));
#2778=CARTESIAN_POINT('',(1.16953769318572E-14,5.4669088579712E-15,95.5));
#2779=CARTESIAN_POINT('Origin',(0.,5.4669088579712E-15,0.));
#2780=CARTESIAN_POINT('Origin',(0.,0.,0.));
#2781=CARTESIAN_POINT('',(24.585,83.5888482394631,-39.585));
#2782=CARTESIAN_POINT('',(24.585,83.5888482394631,39.585));
#2783=CARTESIAN_POINT('Origin',(24.585,0.,0.));
#2784=CARTESIAN_POINT('',(4.8477643544248E-15,87.1293163923602,39.585));
#2785=CARTESIAN_POINT('Origin',(0.,0.,39.585));
#2786=CARTESIAN_POINT('Origin',(0.,0.,0.));
#2787=CARTESIAN_POINT('',(-24.585,83.5888482394631,39.585));
#2788=CARTESIAN_POINT('Origin',(0.,0.,39.585));
#2789=CARTESIAN_POINT('',(-24.585,83.5888482394631,-39.585));
#2790=CARTESIAN_POINT('Origin',(-24.585,0.,2.75809857879596E-15));
#2791=CARTESIAN_POINT('Origin',(0.,0.,-39.585));
#2792=CARTESIAN_POINT('Origin',(0.,0.,0.));
#2793=CARTESIAN_POINT('',(24.585,83.3597957651049,39.585));
#2794=CARTESIAN_POINT('',(24.585,83.3597957651049,-39.585));
#2795=CARTESIAN_POINT('Origin',(24.585,0.,0.));
#2796=CARTESIAN_POINT('',(-24.585,83.3597957651049,-39.585));
#2797=CARTESIAN_POINT('Origin',(0.,0.,-39.585));
#2798=CARTESIAN_POINT('',(-24.585,83.3597957651049,39.585));
#2799=CARTESIAN_POINT('Origin',(-24.585,0.,2.75809857879596E-15));
#2800=CARTESIAN_POINT('',(4.8477643544248E-15,86.9095954138552,39.585));
#2801=CARTESIAN_POINT('Origin',(0.,0.,39.585));
#2802=CARTESIAN_POINT('Origin',(0.,0.,0.));
#2803=CARTESIAN_POINT('Origin',(0.,0.,39.585));
#2804=CARTESIAN_POINT('Origin',(24.585,0.,-39.585));
#2805=CARTESIAN_POINT('',(24.585,0.,-39.585));
#2806=CARTESIAN_POINT('',(-24.585,0.,-39.585));
#2807=CARTESIAN_POINT('Origin',(24.585,0.,39.585));
#2808=CARTESIAN_POINT('',(24.585,0.,39.585));
#2809=CARTESIAN_POINT('Origin',(-24.585,0.,39.585));
#2810=CARTESIAN_POINT('',(-24.585,0.,39.585));
#2811=CARTESIAN_POINT('Origin',(-24.585,0.,-39.585));
#2812=CARTESIAN_POINT('Origin',(95.7,5.43911265178449E-15,0.));
#2813=CARTESIAN_POINT('',(1.17259931018359E-14,5.43216360023781E-15,95.75));
#2814=CARTESIAN_POINT('Origin',(0.,5.43216360023781E-15,0.));
#2815=CARTESIAN_POINT('',(1.17198698678402E-14,5.43911265178449E-15,95.7));
#2816=CARTESIAN_POINT('Origin',(0.,5.43911265178449E-15,0.));
#2817=CARTESIAN_POINT('Origin',(0.,0.,0.));
#2818=CARTESIAN_POINT('',(24.585,83.6460880735017,-39.585));
#2819=CARTESIAN_POINT('',(24.585,83.6460880735017,39.585));
#2820=CARTESIAN_POINT('Origin',(24.585,0.,0.));
#2821=CARTESIAN_POINT('',(4.8477643544248E-15,87.1842318025456,39.585));
#2822=CARTESIAN_POINT('Origin',(0.,0.,39.585));
#2823=CARTESIAN_POINT('Origin',(0.,0.,0.));
#2824=CARTESIAN_POINT('',(-24.585,83.6460880735017,39.585));
#2825=CARTESIAN_POINT('Origin',(0.,0.,39.585));
#2826=CARTESIAN_POINT('',(-24.585,83.6460880735017,-39.585));
#2827=CARTESIAN_POINT('Origin',(-24.585,0.,2.75809857879596E-15));
#2828=CARTESIAN_POINT('Origin',(0.,0.,-39.585));
#2829=CARTESIAN_POINT('Origin',(0.,0.,0.));
#2830=CARTESIAN_POINT('',(24.585,83.5888482394631,39.585));
#2831=CARTESIAN_POINT('',(24.585,83.5888482394631,-39.585));
#2832=CARTESIAN_POINT('Origin',(24.585,0.,0.));
#2833=CARTESIAN_POINT('',(-24.585,83.5888482394631,-39.585));
#2834=CARTESIAN_POINT('Origin',(0.,0.,-39.585));
#2835=CARTESIAN_POINT('',(-24.585,83.5888482394631,39.585));
#2836=CARTESIAN_POINT('Origin',(-24.585,0.,2.75809857879596E-15));
#2837=CARTESIAN_POINT('',(4.8477643544248E-15,87.1293163923602,39.585));
#2838=CARTESIAN_POINT('Origin',(0.,0.,39.585));
#2839=CARTESIAN_POINT('Origin',(0.,0.,0.));
#2840=CARTESIAN_POINT('Origin',(0.,0.,39.585));
#2841=CARTESIAN_POINT('Origin',(24.585,0.,-39.585));
#2842=CARTESIAN_POINT('',(24.585,0.,-39.585));
#2843=CARTESIAN_POINT('',(-24.585,0.,-39.585));
#2844=CARTESIAN_POINT('Origin',(24.585,0.,39.585));
#2845=CARTESIAN_POINT('',(24.585,0.,39.585));
#2846=CARTESIAN_POINT('Origin',(-24.585,0.,39.585));
#2847=CARTESIAN_POINT('',(-24.585,0.,39.585));
#2848=CARTESIAN_POINT('Origin',(-24.585,0.,-39.585));
#2849=CARTESIAN_POINT('Origin',(95.75,5.43216360023781E-15,0.));
#2850=CARTESIAN_POINT('',(1.17302793656329E-14,5.42729926415513E-15,95.785));
#2851=CARTESIAN_POINT('Origin',(0.,5.42729926415513E-15,0.));
#2852=CARTESIAN_POINT('',(1.17259931018359E-14,5.43216360023781E-15,95.75));
#2853=CARTESIAN_POINT('Origin',(0.,5.43216360023781E-15,0.));
#2854=CARTESIAN_POINT('Origin',(0.,0.,0.));
#2855=CARTESIAN_POINT('',(24.585,83.6861504372139,-39.585));
#2856=CARTESIAN_POINT('',(24.585,83.6861504372139,39.585));
#2857=CARTESIAN_POINT('Origin',(24.585,0.,0.));
#2858=CARTESIAN_POINT('',(4.8477643544248E-15,87.2226690717499,39.585));
#2859=CARTESIAN_POINT('Origin',(0.,0.,39.585));
#2860=CARTESIAN_POINT('Origin',(0.,0.,0.));
#2861=CARTESIAN_POINT('',(-24.585,83.6861504372139,39.585));
#2862=CARTESIAN_POINT('Origin',(0.,0.,39.585));
#2863=CARTESIAN_POINT('',(-24.585,83.6861504372139,-39.585));
#2864=CARTESIAN_POINT('Origin',(-24.585,0.,2.75809857879596E-15));
#2865=CARTESIAN_POINT('Origin',(0.,0.,-39.585));
#2866=CARTESIAN_POINT('Origin',(0.,0.,0.));
#2867=CARTESIAN_POINT('',(24.585,83.6460880735017,39.585));
#2868=CARTESIAN_POINT('',(24.585,83.6460880735017,-39.585));
#2869=CARTESIAN_POINT('Origin',(24.585,0.,0.));
#2870=CARTESIAN_POINT('',(-24.585,83.6460880735017,-39.585));
#2871=CARTESIAN_POINT('Origin',(0.,0.,-39.585));
#2872=CARTESIAN_POINT('',(-24.585,83.6460880735017,39.585));
#2873=CARTESIAN_POINT('Origin',(-24.585,0.,2.75809857879596E-15));
#2874=CARTESIAN_POINT('',(4.8477643544248E-15,87.1842318025456,39.585));
#2875=CARTESIAN_POINT('Origin',(0.,0.,39.585));
#2876=CARTESIAN_POINT('Origin',(0.,0.,0.));
#2877=CARTESIAN_POINT('Origin',(0.,0.,39.585));
#2878=CARTESIAN_POINT('Origin',(24.585,0.,-39.585));
#2879=CARTESIAN_POINT('',(24.585,0.,-39.585));
#2880=CARTESIAN_POINT('',(-24.585,0.,-39.585));
#2881=CARTESIAN_POINT('Origin',(24.585,0.,39.585));
#2882=CARTESIAN_POINT('',(24.585,0.,39.585));
#2883=CARTESIAN_POINT('Origin',(-24.585,0.,39.585));
#2884=CARTESIAN_POINT('',(-24.585,0.,39.585));
#2885=CARTESIAN_POINT('Origin',(-24.585,0.,-39.585));
#2886=CARTESIAN_POINT('Origin',(95.785,5.42729926415513E-15,0.));
#2887=CARTESIAN_POINT('',(1.17461997740218E-14,5.40923173013376E-15,95.915));
#2888=CARTESIAN_POINT('Origin',(0.,5.40923173013376E-15,0.));
#2889=CARTESIAN_POINT('',(1.17302793656329E-14,5.42729926415513E-15,95.785));
#2890=CARTESIAN_POINT('Origin',(0.,5.42729926415513E-15,0.));
#2891=CARTESIAN_POINT('Origin',(0.,0.,0.));
#2892=CARTESIAN_POINT('',(24.585,83.8349138187665,-39.585));
#2893=CARTESIAN_POINT('',(24.585,83.8349138187665,39.585));
#2894=CARTESIAN_POINT('Origin',(24.585,0.,0.));
#2895=CARTESIAN_POINT('',(4.8477643544248E-15,87.3654107756611,39.585));
#2896=CARTESIAN_POINT('Origin',(0.,0.,39.585));
#2897=CARTESIAN_POINT('Origin',(0.,0.,0.));
#2898=CARTESIAN_POINT('',(-24.585,83.8349138187665,39.585));
#2899=CARTESIAN_POINT('Origin',(0.,0.,39.585));
#2900=CARTESIAN_POINT('',(-24.585,83.8349138187665,-39.585));
#2901=CARTESIAN_POINT('Origin',(-24.585,0.,2.75809857879596E-15));
#2902=CARTESIAN_POINT('Origin',(0.,0.,-39.585));
#2903=CARTESIAN_POINT('Origin',(0.,0.,0.));
#2904=CARTESIAN_POINT('',(24.585,83.6861504372139,39.585));
#2905=CARTESIAN_POINT('',(24.585,83.6861504372139,-39.585));
#2906=CARTESIAN_POINT('Origin',(24.585,0.,0.));
#2907=CARTESIAN_POINT('',(-24.585,83.6861504372139,-39.585));
#2908=CARTESIAN_POINT('Origin',(0.,0.,-39.585));
#2909=CARTESIAN_POINT('',(-24.585,83.6861504372139,39.585));
#2910=CARTESIAN_POINT('Origin',(-24.585,0.,2.75809857879596E-15));
#2911=CARTESIAN_POINT('',(4.8477643544248E-15,87.2226690717499,39.585));
#2912=CARTESIAN_POINT('Origin',(0.,0.,39.585));
#2913=CARTESIAN_POINT('Origin',(0.,0.,0.));
#2914=CARTESIAN_POINT('Origin',(0.,0.,39.585));
#2915=CARTESIAN_POINT('Origin',(24.585,0.,-39.585));
#2916=CARTESIAN_POINT('',(24.585,0.,-39.585));
#2917=CARTESIAN_POINT('',(-24.585,0.,-39.585));
#2918=CARTESIAN_POINT('Origin',(24.585,0.,39.585));
#2919=CARTESIAN_POINT('',(24.585,0.,39.585));
#2920=CARTESIAN_POINT('Origin',(-24.585,0.,39.585));
#2921=CARTESIAN_POINT('',(-24.585,0.,39.585));
#2922=CARTESIAN_POINT('Origin',(-24.585,0.,-39.585));
#2923=CARTESIAN_POINT('Origin',(95.915,5.40923173013376E-15,0.));
#2924=CARTESIAN_POINT('',(1.17504860378189E-14,5.40436739405109E-15,95.95));
#2925=CARTESIAN_POINT('Origin',(0.,5.40436739405109E-15,0.));
#2926=CARTESIAN_POINT('',(1.17461997740218E-14,5.40923173013376E-15,95.915));
#2927=CARTESIAN_POINT('Origin',(0.,5.40923173013376E-15,0.));
#2928=CARTESIAN_POINT('Origin',(0.,0.,0.));
#2929=CARTESIAN_POINT('',(24.585,83.874954843505,-39.585));
#2930=CARTESIAN_POINT('',(24.585,83.874954843505,39.585));
#2931=CARTESIAN_POINT('Origin',(24.585,0.,0.));
#2932=CARTESIAN_POINT('',(4.8477643544248E-15,87.4038344410587,39.585));
#2933=CARTESIAN_POINT('Origin',(0.,0.,39.585));
#2934=CARTESIAN_POINT('Origin',(0.,0.,0.));
#2935=CARTESIAN_POINT('',(-24.585,83.874954843505,39.585));
#2936=CARTESIAN_POINT('Origin',(0.,0.,39.585));
#2937=CARTESIAN_POINT('',(-24.585,83.874954843505,-39.585));
#2938=CARTESIAN_POINT('Origin',(-24.585,0.,2.75809857879596E-15));
#2939=CARTESIAN_POINT('Origin',(0.,0.,-39.585));
#2940=CARTESIAN_POINT('Origin',(0.,0.,0.));
#2941=CARTESIAN_POINT('',(24.585,83.8349138187665,39.585));
#2942=CARTESIAN_POINT('',(24.585,83.8349138187665,-39.585));
#2943=CARTESIAN_POINT('Origin',(24.585,0.,0.));
#2944=CARTESIAN_POINT('',(-24.585,83.8349138187665,-39.585));
#2945=CARTESIAN_POINT('Origin',(0.,0.,-39.585));
#2946=CARTESIAN_POINT('',(-24.585,83.8349138187665,39.585));
#2947=CARTESIAN_POINT('Origin',(-24.585,0.,2.75809857879596E-15));
#2948=CARTESIAN_POINT('',(4.8477643544248E-15,87.3654107756611,39.585));
#2949=CARTESIAN_POINT('Origin',(0.,0.,39.585));
#2950=CARTESIAN_POINT('Origin',(0.,0.,0.));
#2951=CARTESIAN_POINT('Origin',(0.,0.,39.585));
#2952=CARTESIAN_POINT('Origin',(24.585,0.,-39.585));
#2953=CARTESIAN_POINT('',(24.585,0.,-39.585));
#2954=CARTESIAN_POINT('',(-24.585,0.,-39.585));
#2955=CARTESIAN_POINT('Origin',(24.585,0.,39.585));
#2956=CARTESIAN_POINT('',(24.585,0.,39.585));
#2957=CARTESIAN_POINT('Origin',(-24.585,0.,39.585));
#2958=CARTESIAN_POINT('',(-24.585,0.,39.585));
#2959=CARTESIAN_POINT('Origin',(-24.585,0.,-39.585));
#2960=CARTESIAN_POINT('Origin',(95.95,1.17730792181775E-14,0.));
#2961=CARTESIAN_POINT('',(1.22464679914735E-14,1.77635683940025E-14,100.));
#2962=CARTESIAN_POINT('Origin',(0.,1.77635683940025E-14,0.));
#2963=CARTESIAN_POINT('',(1.17504860378189E-14,8.88178419700125E-15,95.95));
#2964=CARTESIAN_POINT('Origin',(0.,8.88178419700125E-15,0.));
#2965=CARTESIAN_POINT('Origin',(0.,0.,0.));
#2966=CARTESIAN_POINT('',(24.585,88.4794074912349,-39.585));
#2967=CARTESIAN_POINT('',(24.585,88.4794074912349,39.585));
#2968=CARTESIAN_POINT('Origin',(24.585,0.,0.));
#2969=CARTESIAN_POINT('',(4.8477643544248E-15,91.8315184182424,39.585));
#2970=CARTESIAN_POINT('Origin',(0.,0.,39.585));
#2971=CARTESIAN_POINT('Origin',(0.,0.,0.));
#2972=CARTESIAN_POINT('',(-24.585,88.4794074912349,39.585));
#2973=CARTESIAN_POINT('Origin',(0.,0.,39.585));
#2974=CARTESIAN_POINT('',(-24.585,88.4794074912349,-39.585));
#2975=CARTESIAN_POINT('Origin',(-24.585,0.,2.75809857879596E-15));
#2976=CARTESIAN_POINT('Origin',(0.,0.,-39.585));
#2977=CARTESIAN_POINT('Origin',(0.,0.,0.));
#2978=CARTESIAN_POINT('',(24.585,83.874954843505,39.585));
#2979=CARTESIAN_POINT('',(24.585,83.874954843505,-39.585));
#2980=CARTESIAN_POINT('Origin',(24.585,0.,0.));
#2981=CARTESIAN_POINT('',(-24.585,83.874954843505,-39.585));
#2982=CARTESIAN_POINT('Origin',(0.,0.,-39.585));
#2983=CARTESIAN_POINT('',(-24.585,83.874954843505,39.585));
#2984=CARTESIAN_POINT('Origin',(-24.585,0.,2.75809857879596E-15));
#2985=CARTESIAN_POINT('',(4.8477643544248E-15,87.4038344410587,39.585));
#2986=CARTESIAN_POINT('Origin',(0.,0.,39.585));
#2987=CARTESIAN_POINT('Origin',(0.,0.,0.));
#2988=CARTESIAN_POINT('Origin',(0.,0.,39.585));
#2989=CARTESIAN_POINT('Origin',(24.585,0.,-39.585));
#2990=CARTESIAN_POINT('',(24.585,0.,-39.585));
#2991=CARTESIAN_POINT('',(-24.585,0.,-39.585));
#2992=CARTESIAN_POINT('Origin',(24.585,0.,39.585));
#2993=CARTESIAN_POINT('',(24.585,0.,39.585));
#2994=CARTESIAN_POINT('Origin',(-24.585,0.,39.585));
#2995=CARTESIAN_POINT('',(-24.585,0.,39.585));
#2996=CARTESIAN_POINT('Origin',(-24.585,0.,-39.585));
#2997=UNCERTAINTY_MEASURE_WITH_UNIT(LENGTH_MEASURE(0.01),#3001,
'DISTANCE_ACCURACY_VALUE',
'Maximum model space distance between geometric entities at asserted c
onnectivities');
#2998=UNCERTAINTY_MEASURE_WITH_UNIT(LENGTH_MEASURE(0.01),#3001,
'DISTANCE_ACCURACY_VALUE',
'Maximum model space distance between geometric entities at asserted c
onnectivities');
#2999=(
GEOMETRIC_REPRESENTATION_CONTEXT(3)
GLOBAL_UNCERTAINTY_ASSIGNED_CONTEXT((#2997))
GLOBAL_UNIT_ASSIGNED_CONTEXT((#3001,#3003,#3004))
REPRESENTATION_CONTEXT('','3D')
);
#3000=(
GEOMETRIC_REPRESENTATION_CONTEXT(3)
GLOBAL_UNCERTAINTY_ASSIGNED_CONTEXT((#2998))
GLOBAL_UNIT_ASSIGNED_CONTEXT((#3001,#3003,#3004))
REPRESENTATION_CONTEXT('','3D')
);
#3001=(
LENGTH_UNIT()
NAMED_UNIT(*)
SI_UNIT(.MILLI.,.METRE.)
);
#3002=(
LENGTH_UNIT()
NAMED_UNIT(*)
SI_UNIT($,.METRE.)
);
#3003=(
NAMED_UNIT(*)
PLANE_ANGLE_UNIT()
SI_UNIT($,.RADIAN.)
);
#3004=(
NAMED_UNIT(*)
SI_UNIT($,.STERADIAN.)
SOLID_ANGLE_UNIT()
);
#3005=SHAPE_DEFINITION_REPRESENTATION(#3006,#3007);
#3006=PRODUCT_DEFINITION_SHAPE('',$,#3009);
#3007=SHAPE_REPRESENTATION('',(#1621),#2999);
#3008=PRODUCT_DEFINITION_CONTEXT('part definition',#3013,'design');
#3009=PRODUCT_DEFINITION('2026-09-06-00-34-33-413','helmet',#3010,#3008);
#3010=PRODUCT_DEFINITION_FORMATION('',$,#3015);
#3011=PRODUCT_RELATED_PRODUCT_CATEGORY('helmet','helmet',(#3015));
#3012=APPLICATION_PROTOCOL_DEFINITION('international standard',
'automotive_design',2009,#3013);
#3013=APPLICATION_CONTEXT(
'Core Data for Automotive Mechanical Design Process');
#3014=PRODUCT_CONTEXT('part definition',#3013,'mechanical');
#3015=PRODUCT('2026-09-06-00-34-33-413','helmet',$,(#3014));
#3016=PRESENTATION_STYLE_ASSIGNMENT((#3020));
#3017=PRESENTATION_STYLE_ASSIGNMENT((#3021));
#3018=PRESENTATION_STYLE_ASSIGNMENT((#3022));
#3019=PRESENTATION_STYLE_ASSIGNMENT((#3023));
#3020=SURFACE_STYLE_USAGE(.BOTH.,#3024);
#3021=SURFACE_STYLE_USAGE(.BOTH.,#3025);
#3022=SURFACE_STYLE_USAGE(.BOTH.,#3026);
#3023=SURFACE_STYLE_USAGE(.BOTH.,#3027);
#3024=SURFACE_SIDE_STYLE('',(#3028));
#3025=SURFACE_SIDE_STYLE('',(#3029));
#3026=SURFACE_SIDE_STYLE('',(#3030));
#3027=SURFACE_SIDE_STYLE('',(#3031));
#3028=SURFACE_STYLE_FILL_AREA(#3032);
#3029=SURFACE_STYLE_FILL_AREA(#3033);
#3030=SURFACE_STYLE_FILL_AREA(#3034);
#3031=SURFACE_STYLE_FILL_AREA(#3035);
#3032=FILL_AREA_STYLE('Steel - Satin',(#3036));
#3033=FILL_AREA_STYLE('Nylon 6-6 (White)',(#3037));
#3034=FILL_AREA_STYLE('Copper - Polished',(#3038));
#3035=FILL_AREA_STYLE('Rubber - Soft',(#3039));
#3036=FILL_AREA_STYLE_COLOUR('Steel - Satin',#3040);
#3037=FILL_AREA_STYLE_COLOUR('Nylon 6-6 (White)',#3041);
#3038=FILL_AREA_STYLE_COLOUR('Copper - Polished',#3042);
#3039=FILL_AREA_STYLE_COLOUR('Rubber - Soft',#3043);
#3040=COLOUR_RGB('Steel - Satin',0.627450980392157,0.627450980392157,0.627450980392157);
#3041=COLOUR_RGB('Nylon 6-6 (White)',0.972549019607843,0.968627450980392,
0.929411764705882);
#3042=COLOUR_RGB('Copper - Polished',0.929411764705882,0.807843137254902,
0.764705882352941);
#3043=COLOUR_RGB('Rubber - Soft',0.152941176470588,0.152941176470588,0.152941176470588);
ENDSEC;
END-ISO-10303-21;
